TERM	CRN	SUBJ	CRSE	SECT	INSTR_TYPE	DAYS	START_TIME	END_TIME	ROOM_CAP
Fall	30059	AFRI	1001	A	LEC	F	1135	1425	148
Fall	30060	AFRI	1001	A01	GRP	F	1435	1525	42
Fall	30061	AFRI	1001	A02	GRP	F	1535	1625	29
Fall	30062	AFRI	1001	A03	GRP	F	1435	1525	25
Fall	30063	AFRI	1001	A04	GRP				
Fall	30064	AFRI	1001	A05	GRP				
Fall	30065	AFRI	1001	A06	GRP	F	1535	1625	25
Winter	10060	AFRI	1002	A	LEC	M	1435	1625	148
Winter	10061	AFRI	1002	A01	GRP	M	1635	1725	58
Winter	10062	AFRI	1002	A02	GRP	M	1705	1755	76
Winter	10063	AFRI	1002	A03	GRP	M	1635	1725	56
Winter	10064	AFRI	1002	A04	GRP				
Winter	10065	AFRI	1002	A05	GRP				
Winter	10066	AFRI	1002	A06	GRP				
Fall	30077	ALDS	1001	A	LEC	MW	1135	1255	108
Winter	10078	ALDS	1001	B	LEC	MW	1135	1255	9000
Fall	30117	ANTH	1001	A	LEC	F	1135	1325	444
Fall	30118	ANTH	1001	A01	GRP	F	1335	1425	35
Fall	30119	ANTH	1001	A02	GRP	F	1335	1425	40
Fall	30120	ANTH	1001	A03	GRP	F	1335	1425	52
Fall	30121	ANTH	1001	A04	GRP	F	1335	1425	34
Fall	30122	ANTH	1001	A05	GRP	F	1335	1425	35
Fall	30123	ANTH	1001	A06	GRP				
Fall	30124	ANTH	1001	A07	GRP				
Fall	30125	ANTH	1001	A08	GRP				
Fall	30126	ANTH	1001	A09	GRP	F	1435	1525	34
Fall	30127	ANTH	1001	A10	GRP	F	1435	1525	47
Fall	30128	ANTH	1001	A11	GRP	F	1435	1525	28
Fall	30129	ANTH	1001	A12	GRP	F	1435	1525	28
Fall	30130	ANTH	1001	A13	GRP	F	1435	1525	40
Fall	30131	ANTH	1001	A14	GRP				
Fall	30132	ANTH	1001	A15	GRP				
Fall	30133	ANTH	1001	A16	GRP				
Fall	30134	ANTH	1001	B	LEC	W	1805	1955	331
Fall	30135	ANTH	1001	B01	GRP	W	2005	2055	80
Fall	30136	ANTH	1001	B02	GRP	W	2005	2055	56
Fall	30137	ANTH	1001	B03	GRP	W	2005	2055	79
Fall	30138	ANTH	1001	B04	GRP	W	2005	2055	52
Fall	30139	ANTH	1001	B05	GRP				
Fall	30140	ANTH	1001	B06	GRP				
Winter	10112	ANTH	1001	C	LEC	M	1435	1625	393
Winter	10113	ANTH	1001	C01	GRP	M	1635	1725	31
Winter	10114	ANTH	1001	C02	GRP	M	1635	1725	32
Winter	10115	ANTH	1001	C03	GRP	M	1635	1725	42
Winter	10116	ANTH	1001	C04	GRP	M	1635	1725	35
Winter	10117	ANTH	1001	C05	GRP	M	1635	1725	31
Winter	10118	ANTH	1001	C06	GRP				
Winter	10119	ANTH	1001	C07	GRP	M	1735	1825	32
Winter	10120	ANTH	1001	C08	GRP	M	1735	1825	32
Winter	10121	ANTH	1001	C09	GRP	M	1735	1825	35
Winter	10122	ANTH	1001	C10	GRP	M	1735	1825	31
Winter	10123	ANTH	1001	C11	GRP	M	1735	1825	36
Winter	10124	ANTH	1001	C12	GRP	M	1735	1825	39
Fall	30141	ANTH	1002	A	LEC	M	1805	1955	192
Fall	30142	ANTH	1002	A1	GRP	M	2005	2055	80
Fall	30143	ANTH	1002	A2	GRP				
Fall	30144	ANTH	1002	A3	GRP				
Fall	30145	ANTH	1002	A4	GRP				
Winter	10125	ANTH	1002	B	LEC	F	835	1025	285
Winter	10126	ANTH	1002	B01	GRP	F	1035	1125	48
Winter	10127	ANTH	1002	B02	GRP	F	1035	1125	30
Winter	10128	ANTH	1002	B03	GRP	F	1035	1125	32
Winter	10129	ANTH	1002	B04	GRP	F	1035	1125	34
Winter	10130	ANTH	1002	B05	GRP	F	1035	1125	40
Winter	10131	ANTH	1002	B06	GRP	F	1135	1225	52
Winter	10132	ANTH	1002	B07	GRP	F	1135	1225	34
Winter	10133	ANTH	1002	B08	GRP	F	1135	1225	28
Winter	10134	ANTH	1002	B09	GRP	F	1135	1225	36
Winter	10135	ANTH	1002	B10	GRP	F	1135	1225	40
Winter	10136	ANTH	1050	B	SEM	T	835	1125	40
Fall	30193	ARAB	1110	A	SEM	F	835	1025	39
Fall	30193	ARAB	1110	A	SEM	TR	835	1125	39
Winter	10192	ARCC	1202	A	LEC	M	835	1125	94
Fall	30202	ARCH	1000	A	LEC	F	835	1125	9000
Winter	10218	ARCN	1005	A	LEC	W	1135	1425	96
Fall	30237	ARCS	1005	A	STU	MR	1205	1455	105
Winter	10235	ARCS	1105	A	STU	MR	1205	1555	105
Fall	30267	ARCY	1008	A	LEC	WF	1005	1125	9000
Winter	10274	ARCY	1009	B	LEC	TR	1305	1425	134
Fall	30268	ARTH	1100	A	LEC	W	1235	1425	348
Fall	30269	ARTH	1100	A01	TUT	F	1335	1425	39
Fall	30270	ARTH	1100	A02	TUT	F	1335	1425	40
Fall	30271	ARTH	1100	A03	TUT	F	835	925	32
Fall	30272	ARTH	1100	A04	TUT	F	835	925	52
Fall	30273	ARTH	1100	A05	TUT	W	2005	2055	27
Fall	30274	ARTH	1100	A06	TUT	W	2005	2055	27
Fall	30275	ARTH	1100	A07	TUT	W	1905	1955	27
Fall	30276	ARTH	1100	A08	TUT	W	1905	1955	32
Fall	30277	ARTH	1100	A09	TUT	F	1635	1725	27
Fall	30278	ARTH	1100	A10	TUT	F	1635	1725	32
Winter	10275	ARTH	1101	B	LEC	R	935	1125	386
Winter	10276	ARTH	1101	B01	TUT	F	935	1025	32
Winter	10277	ARTH	1101	B02	TUT	F	935	1025	40
Winter	10278	ARTH	1101	B03	TUT	R	1135	1225	42
Winter	10279	ARTH	1101	B04	TUT	R	1135	1225	40
Winter	10280	ARTH	1101	B05	TUT	M	1805	1855	40
Winter	10281	ARTH	1101	B06	TUT	M	1805	1855	27
Winter	10282	ARTH	1101	B07	TUT	M	1805	1855	27
Winter	10283	ARTH	1101	B08	TUT	R	1905	1955	27
Winter	10284	ARTH	1101	B09	TUT	R	1905	1955	40
Winter	10285	ARTH	1101	B10	TUT	R	1905	1955	32
Fall	30279	ARTH	1200	A	LEC				9000
Fall	30280	ARTH	1200	A01	TUT	F	1335	1425	69
Fall	30281	ARTH	1200	A02	TUT	F	1435	1525	69
Fall	30282	ARTH	1200	A03	TUT	F	1535	1625	69
Fall	30283	ARTH	1200	A04	TUT	R	1435	1525	83
Fall	30284	ARTH	1200	A05	TUT	R	1535	1625	83
Fall	30285	ARTH	1200	A06	TUT	R	1635	1725	83
Winter	10286	ARTH	1201	B	LEC	T	835	1025	386
Winter	10287	ARTH	1201	B01	TUT	W	1435	1525	27
Winter	10288	ARTH	1201	B02	TUT	W	1435	1525	52
Winter	10289	ARTH	1201	B03	TUT	W	1435	1525	32
Winter	10290	ARTH	1201	B04	TUT	W	835	925	27
Winter	10291	ARTH	1201	B05	TUT	W	835	925	27
Winter	10292	ARTH	1201	B06	TUT	W	835	925	32
Winter	10293	ARTH	1201	B07	TUT	W	1805	1855	27
Winter	10294	ARTH	1201	B08	TUT	W	1805	1855	32
Winter	10295	ARTH	1201	B09	TUT	R	1805	1855	40
Winter	10296	ARTH	1201	B10	TUT	R	1805	1855	83
Fall	30314	ASLA	1010	A	SEM	TR	935	1125	69
Fall	30315	ASLA	1010	B	SEM	MW	1435	1625	69
Fall	30316	ASLA	1010	C	SEM	TR	1435	1625	69
Fall	30317	ASLA	1010	D	SEM	TR	1135	1325	69
Fall	30318	ASLA	1010	E	SEM	MW	935	1125	52
Fall	30319	ASLA	1010	F	SEM	TR	1435	1625	48
Fall	30320	ASLA	1010	G	SEM	WF	1135	1325	54
Fall	30321	ASLA	1010	H	SEM	MW	1135	1325	40
Fall	30322	ASLA	1010	I	SEM	TR	1805	1955	55
Fall	30323	ASLA	1010	J	SEM	MW	1805	1955	52
Fall	30324	ASLA	1010	K	SEM	TR	1805	1955	52
Fall	30325	ASLA	1010	L	SEM	MW	1805	1955	52
Winter	10330	ASLA	1010	N	SEM	TR	1435	1625	69
Winter	10331	ASLA	1010	O	SEM	MW	935	1125	69
Winter	10332	ASLA	1010	P	SEM	TR	1135	1325	69
Winter	10333	ASLA	1020	A	SEM	MW	1135	1325	69
Winter	10334	ASLA	1020	B	SEM	TR	1435	1625	40
Winter	10335	ASLA	1020	C	SEM	TR	1135	1325	48
Winter	10336	ASLA	1020	D	SEM	MW	1435	1625	56
Winter	10337	ASLA	1020	E	SEM	MW	1805	1955	69
Winter	10338	ASLA	1020	F	SEM	TR	1805	1955	52
Winter	10339	ASLA	1020	G	SEM	MW	1805	1955	52
Winter	10345	BIOC	1500	A	LEC	M	835	1125	76
Fall	30369	BIOL	1010	R	LEC				9000
Fall	30370	BIOL	1103	A	LEC	MW	1135	1255	444
Fall	30371	BIOL	1103	A02	LAB	T	1335	1625	50
Fall	30372	BIOL	1103	A03	LAB	W	1335	1625	50
Fall	30373	BIOL	1103	A04	LAB	R	1335	1625	50
Fall	30374	BIOL	1103	A07	LAB	T	835	1125	50
Fall	30375	BIOL	1103	A08	LAB	W	835	1125	50
Fall	30376	BIOL	1103	A09	LAB	R	835	1125	50
Fall	30377	BIOL	1103	A10	LAB	F	835	1125	50
Fall	30378	BIOL	1103	A12	LAB	T	1335	1625	50
Fall	30379	BIOL	1103	A13	LAB	W	1335	1625	50
Fall	30380	BIOL	1103	A14	LAB	R	1335	1625	50
Fall	30381	BIOL	1103	A17	LAB	T	835	1125	50
Fall	30382	BIOL	1103	A18	LAB	W	835	1125	50
Fall	30383	BIOL	1103	A19	LAB	R	835	1125	50
Fall	30384	BIOL	1103	A20	LAB	F	835	1125	50
Fall	30385	BIOL	1103	AE	LAB				
Fall	30386	BIOL	1103	B	LEC	MW	1635	1755	393
Fall	30387	BIOL	1103	T02	TUT	T	1335	1625	67
Fall	30388	BIOL	1103	T03	TUT	W	1335	1625	67
Fall	30389	BIOL	1103	T04	TUT	R	1335	1625	67
Fall	30390	BIOL	1103	T07	TUT	T	835	1125	67
Fall	30391	BIOL	1103	T08	TUT	W	835	1125	67
Fall	30392	BIOL	1103	T09	TUT	R	835	1125	67
Fall	30393	BIOL	1103	T10	TUT	F	835	1125	67
Winter	10372	BIOL	1104	A	LEC	TR	1635	1755	331
Winter	10373	BIOL	1104	A02	LAB	T	1335	1625	50
Winter	10374	BIOL	1104	A03	LAB	W	1335	1625	50
Winter	10375	BIOL	1104	A04	LAB	R	1335	1625	50
Winter	10376	BIOL	1104	A07	LAB	T	835	1125	50
Winter	10377	BIOL	1104	A08	LAB	W	835	1125	50
Winter	10378	BIOL	1104	A09	LAB	R	835	1125	50
Winter	10379	BIOL	1104	A12	LAB	T	1335	1625	50
Winter	10380	BIOL	1104	A13	LAB	W	1335	1625	50
Winter	10381	BIOL	1104	A14	LAB	R	1335	1625	50
Winter	10382	BIOL	1104	A17	LAB	T	835	1125	50
Winter	10383	BIOL	1104	A18	LAB	W	835	1125	50
Winter	10384	BIOL	1104	A19	LAB	R	835	1125	50
Winter	10385	BIOL	1104	AE	LAB				
Winter	10386	BIOL	1104	B	LEC	MW	1135	1255	393
Winter	10387	BIOL	1104	C02	LAB	T	1335	1625	30
Winter	10388	BIOL	1104	C03	LAB	W	1335	1625	30
Winter	10389	BIOL	1104	C04	LAB	R	1335	1625	30
Winter	10390	BIOL	1104	C07	LAB	T	835	1125	30
Winter	10391	BIOL	1104	C08	LAB	W	835	1125	30
Winter	10392	BIOL	1104	C09	LAB	R	835	1125	30
Winter	10393	BIOL	1104	T02	TUT	T	1335	1625	48
Winter	10394	BIOL	1104	T03	TUT	W	1335	1625	48
Winter	10395	BIOL	1104	T04	TUT	R	1335	1625	48
Winter	10396	BIOL	1104	T07	TUT	T	835	1125	48
Winter	10397	BIOL	1104	T08	TUT	W	835	1125	48
Winter	10398	BIOL	1104	T09	TUT	R	835	1125	48
Fall	30394	BIOL	1105	A	LEC	M	1435	1555	236
Fall	30547	BUSI	1001	R	LEC				9000
Winter	10561	BUSI	1001	R	LEC				9000
Fall	30548	BUSI	1002	R	LEC				9000
Winter	10562	BUSI	1002	R	LEC				9000
Fall	30549	BUSI	1003	A	LEC	W	1435	1725	151
Winter	10563	BUSI	1003	B	LEC	W	1805	2055	192
Fall	30550	BUSI	1004	A	LEC	TR	1135	1255	92
Fall	30551	BUSI	1004	A1	TUT	F	1435	1525	35
Fall	30552	BUSI	1004	A2	TUT	R	1435	1525	56
Fall	30553	BUSI	1004	A3	TUT	W	1335	1425	54
Winter	10564	BUSI	1004	B	LEC	TR	835	955	92
Winter	10565	BUSI	1004	C	LEC	TR	1005	1125	92
Winter	10566	BUSI	1004	D	LEC	WF	1435	1555	108
Winter	10567	BUSI	1004	E	LEC	WF	1605	1725	108
Winter	10568	BUSI	1004	F	LEC				
Winter	10569	BUSI	1004	G	LEC	MW	1005	1125	92
Winter	10570	BUSI	1004	T01	TUT	M	1635	1725	108
Winter	10571	BUSI	1004	T02	TUT	F	1035	1125	41
Winter	10572	BUSI	1004	T03	TUT	F	935	1025	41
Winter	10573	BUSI	1004	T04	TUT	W	1135	1225	41
Winter	10574	BUSI	1004	T05	TUT	F	1135	1225	42
Winter	10575	BUSI	1004	T06	TUT	M	1235	1325	48
Winter	10576	BUSI	1004	T07	TUT	W	1335	1425	30
Winter	10577	BUSI	1004	T08	TUT	R	1435	1525	34
Winter	10578	BUSI	1004	T09	TUT	F	1235	1325	40
Winter	10579	BUSI	1004	T10	TUT	T	1335	1425	30
Winter	10580	BUSI	1004	T11	TUT	M	1435	1525	31
Winter	10581	BUSI	1004	T12	TUT	M	1335	1425	34
Winter	10582	BUSI	1004	T13	TUT	T	1135	1225	32
Winter	10583	BUSI	1004	T14	TUT	M	1535	1625	31
Winter	10584	BUSI	1004	T15	TUT	R	1135	1225	40
Winter	10585	BUSI	1004	T16	TUT				
Winter	10586	BUSI	1004	T17	TUT				
Winter	10587	BUSI	1004	T18	TUT				
Winter	10588	BUSI	1004	Y	LEC				
Winter	10589	BUSI	1004	Z	LEC				
Fall	30554	BUSI	1005	A	LEC	M	935	1125	189
Fall	30555	BUSI	1005	A01	TUT	T	1135	1225	52
Fall	30556	BUSI	1005	A02	TUT	R	1635	1725	40
Fall	30557	BUSI	1005	A03	TUT	W	1135	1225	58
Fall	30558	BUSI	1005	A04	TUT	W	1635	1725	96
Fall	30559	BUSI	1005	A05	TUT	W	835	925	42
Fall	30560	BUSI	1005	A06	TUT	W	1335	1425	42
Fall	30561	BUSI	1005	A07	TUT	W	1035	1125	58
Fall	30562	BUSI	1005	A08	TUT	T	1635	1725	42
Fall	30563	BUSI	1005	A09	TUT	T	835	925	42
Fall	30564	BUSI	1005	A10	TUT	T	935	1025	9000
Fall	30565	BUSI	1005	A11	TUT	T	1335	1425	9000
Fall	30566	BUSI	1005	A12	TUT	T	1035	1125	42
Winter	10590	BUSI	1005	B	LEC	M	835	1125	134
Winter	10591	BUSI	1005	B01	TUT	W	835	925	23
Winter	10592	BUSI	1005	B02	TUT	W	1435	1525	31
Winter	10593	BUSI	1005	B03	TUT	T	835	925	23
Winter	10594	BUSI	1005	B04	TUT	W	1535	1625	52
Winter	10595	BUSI	1005	B05	TUT	T	1535	1625	23
Winter	10596	BUSI	1005	B06	TUT	T	1435	1525	23
Winter	10597	BUSI	1005	B07	TUT	T	1235	1325	23
Fall	30567	BUSI	1401	A	LEC	R	835	1125	94
Fall	30568	BUSI	1401	B	LEC	W	1435	1725	92
Fall	30569	BUSI	1401	C	LEC	F	1435	1725	108
Fall	30570	BUSI	1401	D	LEC	M	835	1125	92
Winter	10598	BUSI	1401	E	LEC	R	1135	1425	108
Winter	10599	BUSI	1401	F	LEC	R	835	1125	108
Winter	10600	BUSI	1401	G	LEC	F	835	1125	236
Winter	10601	BUSI	1401	H	LEC	F	1435	1725	236
Fall	30571	BUSI	1401	Y	LEC				
Fall	30572	BUSI	1401	Z	LEC				
Winter	10602	BUSI	1402	A	LEC	M	1805	2055	189
Fall	30573	BUSI	1701	A	LEC	F	835	1125	92
Fall	30574	BUSI	1701	A01	TUT	R	1635	1725	108
Fall	30849	CDNS	1001	A	LEC	R	1135	1425	9000
Fall	30850	CDNS	1101	A	LEC	F	1135	1425	96
Winter	15438	CDNS	1101	B	LEC	T	1435	1725	94
Fall	30887	CGSC	1001	A	LEC	MW	1435	1555	386
Fall	30888	CGSC	1001	B	LEC	TR	1435	1555	9000
Winter	10862	CGSC	1001	C	LEC	MW	1305	1425	386
Winter	10863	CGSC	1001	D	LEC	MW	1435	1555	9000
Fall	30889	CGSC	1005	A	LEC	TR	1305	1425	80
Fall	30890	CGSC	1005	A1	TUT	F	1135	1255	25
Fall	30891	CGSC	1005	A2	TUT	F	835	955	25
Fall	30892	CGSC	1005	A3	TUT	F	1435	1555	26
Winter	10864	CGSC	1005	B	LEC	TR	1135	1255	80
Winter	10865	CGSC	1005	B1	TUT	F	1005	1125	48
Winter	10866	CGSC	1005	B2	TUT	F	1135	1255	25
Winter	10867	CGSC	1005	B3	TUT	F	835	955	48
Fall	30932	CHEM	1001	A	LEC	TR	1135	1255	393
Fall	30933	CHEM	1001	A1	LAB	M	1805	2055	72
Fall	30934	CHEM	1001	A2	LAB	T	1805	2055	72
Fall	30935	CHEM	1001	A3	LAB	M	1335	1625	72
Fall	30936	CHEM	1001	A4	LAB	T	835	1125	72
Fall	30937	CHEM	1001	A5	LAB	T	1335	1625	72
Fall	30938	CHEM	1001	A6	LAB	W	835	1125	72
Fall	30939	CHEM	1001	A7	LAB	W	1335	1625	72
Fall	30940	CHEM	1001	B	LEC	TR	1135	1255	331
Fall	30941	CHEM	1001	E	LEC	MW	1805	1925	148
Fall	30942	CHEM	1001	E3	LAB	M	1335	1625	72
Fall	30943	CHEM	1001	E4	LAB	T	835	1125	72
Fall	30944	CHEM	1001	E5	LAB	T	1335	1625	72
Fall	30945	CHEM	1001	ETU	TUT	W	1935	2025	151
Fall	30946	CHEM	1001	G1	LAB				
Fall	30947	CHEM	1001	G2	LAB				
Fall	30948	CHEM	1001	T1	TUT	M	1805	2055	55
Fall	30949	CHEM	1001	T2	TUT	T	1805	2055	56
Fall	30950	CHEM	1001	T3	TUT	M	1335	1625	52
Fall	30951	CHEM	1001	T4	TUT	T	835	1125	56
Fall	30952	CHEM	1001	T5	TUT	T	1335	1625	56
Fall	30953	CHEM	1001	T6	TUT	W	835	1125	58
Fall	30954	CHEM	1001	T7	TUT	W	1335	1625	56
Winter	10903	CHEM	1002	A	LEC	TR	1135	1255	393
Winter	10904	CHEM	1002	A1	LAB	M	1805	2055	72
Winter	10905	CHEM	1002	A2	LAB	T	1805	2055	72
Winter	10906	CHEM	1002	A3	LAB	M	1335	1625	72
Winter	10907	CHEM	1002	A4	LAB	T	835	1125	72
Winter	10908	CHEM	1002	A5	LAB	T	1335	1625	72
Winter	10909	CHEM	1002	A6	LAB	W	835	1125	72
Winter	10910	CHEM	1002	A7	LAB	W	1335	1625	72
Winter	10911	CHEM	1002	B	LEC	TR	1135	1255	444
Winter	10912	CHEM	1002	E	LEC	TR	1935	2055	148
Winter	10913	CHEM	1002	E1	LAB	M	1805	2055	72
Winter	10914	CHEM	1002	E3	LAB	M	1335	1625	72
Winter	10915	CHEM	1002	E4	LAB	T	835	1125	72
Winter	10916	CHEM	1002	ETU	TUT	R	2105	2155	115
Winter	10917	CHEM	1002	G1	LAB				
Winter	10918	CHEM	1002	G2	LAB				
Winter	10919	CHEM	1002	T1	TUT	M	1805	2055	55
Winter	10920	CHEM	1002	T2	TUT	T	1805	2055	55
Winter	10921	CHEM	1002	T3	TUT	M	1335	1625	48
Winter	10922	CHEM	1002	T4	TUT	T	835	1125	48
Winter	10923	CHEM	1002	T5	TUT	T	1335	1625	55
Winter	10924	CHEM	1002	T6	TUT	W	835	1125	55
Winter	10925	CHEM	1002	T7	TUT	W	1335	1625	55
Fall	30955	CHEM	1004	A	LEC	M	1435	1725	192
Winter	10926	CHEM	1008	A	WKS				
Fall	30956	CHEM	1011	A	LEC	TR	1135	1255	40
Fall	30957	CHEM	1011	A1	LAB	M	1805	2055	72
Fall	30958	CHEM	1011	A6	LAB	W	835	1125	72
Fall	30959	CHEM	1011	A7	LAB	W	1335	1625	72
Fall	30960	CHEM	1011	G1	LAB				
Winter	10927	CHEM	1012	A	LEC	WF	1135	1255	40
Winter	10928	CHEM	1012	A5	LAB	T	1335	1625	72
Winter	10929	CHEM	1012	A6	LAB	W	835	1125	72
Winter	10930	CHEM	1012	A7	LAB	W	1335	1625	72
Winter	10931	CHEM	1012	G1	LAB				
Fall	30961	CHEM	1101	A	LEC	MW	1305	1425	444
Fall	30962	CHEM	1101	B	LEC	MW	835	955	348
Winter	10932	CHEM	1101	C	LEC	MW	835	955	386
Winter	10933	CHEM	1101	D	LEC	MW	1135	1255	348
Fall	30963	CHEM	1101	G1	LAB				
Winter	10934	CHEM	1101	G1	LAB				
Fall	30964	CHEM	1101	L1	LAB	R	835	1125	72
Winter	10935	CHEM	1101	L1	LAB	R	835	1125	72
Fall	30965	CHEM	1101	L2	LAB	R	1335	1625	72
Winter	10936	CHEM	1101	L2	LAB	R	1335	1625	72
Fall	30966	CHEM	1101	L3	LAB	F	835	1125	72
Winter	10937	CHEM	1101	L3	LAB	F	835	1125	72
Fall	30967	CHEM	1101	L4	LAB	F	1335	1625	72
Winter	10938	CHEM	1101	L4	LAB	F	1335	1625	72
Fall	31018	CHIN	1010	A	SEM	TR	1805	1955	39
Winter	11007	CHIN	1020	A	SEM	MW	1905	2055	34
Fall	31019	CHIN	1110	A	SEM	F	1135	1325	29
Fall	31019	CHIN	1110	A	SEM	MW	1435	1725	29
Fall	31021	CHST	1101	A	LEC	M	1335	1525	204
Fall	31022	CHST	1101	A01	GRP	M	1535	1625	47
Fall	31023	CHST	1101	A02	GRP	M	1635	1725	47
Fall	31024	CHST	1101	A03	GRP	M	1535	1625	40
Fall	31025	CHST	1101	A04	GRP	M	1635	1725	40
Fall	31026	CHST	1101	A05	GRP	M	1535	1625	52
Fall	31027	CHST	1101	A06	GRP	M	1635	1725	52
Winter	11010	CHST	1102	A	LEC	F	1435	1625	285
Winter	11011	CHST	1102	A01	GRP	F	1635	1725	35
Winter	11012	CHST	1102	A02	GRP	F	1735	1825	35
Winter	11013	CHST	1102	A03	GRP	F	1635	1725	40
Winter	11014	CHST	1102	A04	GRP	F	1735	1825	40
Winter	11015	CHST	1102	A05	GRP	F	1635	1725	42
Winter	11016	CHST	1102	A06	GRP	F	1735	1825	42
Winter	11035	CIED	1001	A	LEC	T	1135	1425	50
Winter	15597	CIED	1001	B	LEC	W	1435	1725	58
Fall	31163	CLCV	1002	A	LEC				9000
Winter	11093	CLCV	1003	B	LEC				9000
Winter	15641	CLCV	1005	W	TUT				
Fall	31164	CLCV	1008	A	LEC	WF	1005	1125	9000
Winter	11094	CLCV	1009	A	LEC	TR	1305	1425	134
Fall	31381	COMS	1001	A	LEC	F	1135	1325	331
Fall	31382	COMS	1001	A01	GRP	F	1335	1425	25
Fall	31383	COMS	1001	A02	GRP	F	1335	1425	25
Fall	31384	COMS	1001	A03	GRP	F	1335	1425	58
Fall	31385	COMS	1001	A04	GRP	F	1335	1425	40
Fall	31386	COMS	1001	A05	GRP	F	1335	1425	40
Fall	31387	COMS	1001	A06	GRP	F	1435	1525	40
Fall	31388	COMS	1001	A07	GRP	F	1435	1525	42
Fall	31389	COMS	1001	A08	GRP	F	1435	1525	42
Fall	31390	COMS	1001	A09	GRP	F	1435	1525	58
Fall	31391	COMS	1001	A10	GRP	F	1435	1525	51
Winter	11312	COMS	1001	B	LEC	F	935	1125	348
Winter	11313	COMS	1001	B01	GRP	F	1135	1225	42
Winter	11314	COMS	1001	B02	GRP	F	1135	1225	31
Winter	11315	COMS	1001	B03	GRP	F	1135	1225	28
Winter	11316	COMS	1001	B04	GRP	F	1235	1325	42
Winter	11317	COMS	1001	B05	GRP	F	1235	1325	42
Winter	11318	COMS	1001	B06	GRP	F	1235	1325	28
Winter	15583	COMS	1001	B07	GRP	F	1135	1225	27
Winter	15584	COMS	1001	B08	GRP	F	1235	1325	31
Winter	15642	COMS	1001	B09	GRP	F	1135	1225	31
Fall	31392	COMS	1002	A	LEC	M	1135	1325	192
Fall	31393	COMS	1002	A01	GRP	M	1335	1425	51
Fall	31394	COMS	1002	A02	GRP	M	1335	1425	42
Fall	31395	COMS	1002	A03	GRP	M	1335	1425	67
Fall	31396	COMS	1002	A04	GRP	M	1435	1525	31
Fall	31397	COMS	1002	A05	GRP	M	1435	1525	35
Fall	31398	COMS	1002	A06	GRP	M	1435	1525	25
Winter	11319	COMS	1002	B	LEC	T	835	1025	444
Winter	11320	COMS	1002	B01	GRP	T	1035	1125	48
Winter	11321	COMS	1002	B02	GRP	T	1035	1125	25
Winter	11322	COMS	1002	B03	GRP	T	1035	1125	79
Winter	11323	COMS	1002	B04	GRP	T	1035	1125	80
Winter	11324	COMS	1002	B05	GRP	T	1035	1125	34
Winter	11325	COMS	1002	B06	GRP	T	1135	1225	40
Winter	11326	COMS	1002	B07	GRP	T	1135	1225	32
Winter	11327	COMS	1002	B08	GRP	T	1135	1225	27
Winter	11328	COMS	1002	B09	GRP	T	1135	1225	48
Winter	11329	COMS	1002	B10	GRP	T	1135	1225	27
Fall	31399	COMS	1003	A	LEC	R	1135	1325	59
Fall	31400	COMS	1003	A01	TUT	R	1335	1425	32
Fall	31401	COMS	1003	A02	TUT	R	1435	1525	52
Winter	11330	COMS	1003	B	LEC	M	935	1125	66
Winter	11331	COMS	1003	B01	TUT	M	1135	1225	52
Winter	11332	COMS	1003	B02	TUT	M	1235	1325	52
Fall	31461	CRCJ	1000	A	LEC	R	835	1025	444
Fall	31462	CRCJ	1000	A01	TUT	M	1235	1325	34
Fall	31463	CRCJ	1000	A02	TUT	W	835	925	39
Fall	31464	CRCJ	1000	A03	TUT	W	1635	1725	30
Fall	31465	CRCJ	1000	A04	TUT	T	835	925	39
Fall	31466	CRCJ	1000	A05	TUT	M	935	1025	32
Fall	31467	CRCJ	1000	A06	TUT	T	1635	1725	39
Fall	31468	CRCJ	1000	A07	TUT				
Fall	31469	CRCJ	1000	A08	TUT				
Fall	31470	CRCJ	1000	B	LEC				9000
Winter	11392	CRCJ	1000	C	LEC	W	1435	1625	331
Winter	11393	CRCJ	1000	C01	TUT	M	1035	1125	32
Winter	11394	CRCJ	1000	C02	TUT	M	935	1025	31
Winter	11395	CRCJ	1000	C03	TUT	M	1335	1425	39
Winter	11396	CRCJ	1000	C04	TUT	W	835	925	39
Winter	11397	CRCJ	1000	C05	TUT	R	1635	1725	32
Winter	11398	CRCJ	1000	C06	TUT	M	1435	1525	36
Winter	11399	CRCJ	1000	C07	TUT	W	1635	1725	32
Winter	11400	CRCJ	1000	C08	TUT	R	1335	1425	39
Winter	11401	CRCJ	1000	D	LEC				9000
Fall	32065	ECON	1001	A	LEC	MW	1005	1125	285
Fall	32066	ECON	1001	A01	GRP	M	1135	1225	35
Fall	32067	ECON	1001	A02	GRP	M	1135	1225	52
Fall	32068	ECON	1001	A03	GRP	M	1235	1325	48
Fall	32069	ECON	1001	A04	GRP	M	1335	1425	52
Fall	32070	ECON	1001	A05	GRP	W	1435	1525	57
Fall	32071	ECON	1001	A06	GRP	W	1135	1225	34
Fall	32072	ECON	1001	A07	GRP	M	1805	1855	9000
Fall	32073	ECON	1001	A08	GRP	M	1905	1955	9000
Fall	32074	ECON	1001	B	LEC	TR	1005	1125	331
Fall	32075	ECON	1001	B01	GRP	T	1135	1225	66
Fall	32076	ECON	1001	B02	GRP	T	1135	1225	42
Fall	32077	ECON	1001	B03	GRP	T	1235	1325	55
Fall	32078	ECON	1001	B04	GRP	T	1235	1325	52
Fall	32079	ECON	1001	B05	GRP	R	1135	1225	52
Fall	32080	ECON	1001	B06	GRP	R	1135	1225	48
Fall	32081	ECON	1001	B07	GRP	T	1805	1855	9000
Fall	32082	ECON	1001	B08	GRP	T	1905	1955	9000
Fall	32083	ECON	1001	C	LEC	W	1805	2055	9000
Fall	32084	ECON	1001	C01	GRP	R	1735	1825	9000
Fall	32085	ECON	1001	C02	GRP	R	1735	1825	9000
Fall	32086	ECON	1001	C03	GRP	R	1735	1825	9000
Fall	32087	ECON	1001	C04	GRP	R	1835	1925	9000
Fall	32088	ECON	1001	C05	GRP				
Fall	32089	ECON	1001	C06	GRP				
Fall	32090	ECON	1001	C07	GRP	M	1805	1855	9000
Fall	32091	ECON	1001	C08	GRP	M	1805	1855	9000
Fall	32092	ECON	1001	D	LEC	M	1805	2055	331
Fall	32093	ECON	1001	D01	GRP	M	1635	1725	96
Fall	32094	ECON	1001	D02	GRP	M	1635	1725	66
Fall	32095	ECON	1001	D03	GRP	M	1635	1725	78
Fall	32096	ECON	1001	D04	GRP	M	1635	1725	78
Fall	32097	ECON	1001	D05	GRP	M	1535	1625	83
Fall	32098	ECON	1001	D06	GRP	M	1535	1625	66
Fall	32099	ECON	1001	D07	GRP	T	1805	1855	9000
Fall	32100	ECON	1001	D08	GRP	T	1935	2025	9000
Fall	32101	ECON	1001	E	LEC	W	1805	2055	9000
Winter	11933	ECON	1001	W	LEC	TR	1305	1425	331
Winter	11934	ECON	1001	W01	GRP	R	1435	1525	80
Winter	11935	ECON	1001	W02	GRP	T	1535	1625	84
Winter	11936	ECON	1001	W03	GRP	T	1435	1525	66
Winter	11937	ECON	1002	A	LEC	W	1805	2055	348
Winter	11938	ECON	1002	A01	GRP	M	1135	1225	40
Winter	11939	ECON	1002	A02	GRP	M	1135	1225	40
Winter	11940	ECON	1002	A03	GRP	M	1235	1325	40
Winter	11941	ECON	1002	A04	GRP	M	1235	1325	40
Winter	11942	ECON	1002	A05	GRP	W	1135	1225	97
Winter	11943	ECON	1002	A06	GRP	W	1135	1225	40
Winter	11944	ECON	1002	A07	GRP	M	1805	1855	9000
Winter	11945	ECON	1002	A08	GRP	M	1905	1955	9000
Winter	11946	ECON	1002	B	LEC	TR	1005	1125	331
Winter	11947	ECON	1002	B01	GRP	T	1135	1225	48
Winter	11948	ECON	1002	B02	GRP	T	1235	1325	78
Winter	11949	ECON	1002	B03	GRP	T	1335	1425	48
Winter	11950	ECON	1002	B04	GRP	T	1435	1525	40
Winter	11951	ECON	1002	B05	GRP	R	1135	1225	41
Winter	11952	ECON	1002	B06	GRP	R	1135	1225	97
Winter	11953	ECON	1002	B07	GRP	T	1805	1855	9000
Winter	11954	ECON	1002	B08	GRP	T	1905	1955	9000
Winter	11955	ECON	1002	C	LEC	T	1805	2055	9000
Winter	11956	ECON	1002	C01	GRP	M	1035	1125	9000
Winter	11957	ECON	1002	C02	GRP	M	1035	1125	9000
Winter	11958	ECON	1002	C03	GRP				
Winter	11959	ECON	1002	C04	GRP	M	1135	1225	9000
Winter	11960	ECON	1002	C05	GRP				
Winter	11961	ECON	1002	C06	GRP				
Winter	11962	ECON	1002	C07	GRP	M	1905	1955	9000
Winter	11963	ECON	1002	C08	GRP	M	1905	1955	9000
Winter	11964	ECON	1002	D	LEC	M	1805	2055	331
Winter	11965	ECON	1002	D01	GRP	M	1705	1755	40
Winter	11966	ECON	1002	D02	GRP	M	1705	1755	52
Winter	11967	ECON	1002	D03	GRP	M	1705	1755	52
Winter	11968	ECON	1002	D04	GRP	M	1705	1755	39
Winter	11969	ECON	1002	D05	GRP	M	1535	1625	40
Winter	11970	ECON	1002	D06	GRP	M	1535	1625	52
Winter	11971	ECON	1002	D07	GRP	W	1805	1855	9000
Winter	11972	ECON	1002	D08	GRP	W	1905	1955	9000
Winter	11973	ECON	1002	E	LEC	W	1805	2055	9000
Fall	32102	ECON	1401	A	LEC	TR	1435	1555	204
Fall	32103	ECON	1401	A01	TUT	R	1135	1225	96
Fall	32104	ECON	1401	A02	TUT	R	1235	1325	96
Winter	11974	ECON	1401	B	LEC	TR	1135	1255	78
Winter	11975	ECON	1401	B01	TUT	F	1235	1325	79
Fall	32105	ECON	1402	A	LEC	W	1135	1425	79
Fall	32106	ECON	1402	A01	TUT	F	1135	1225	69
Winter	11976	ECON	1402	B	LEC	W	1135	1425	133
Winter	11977	ECON	1402	B01	TUT	M	1535	1625	58
Winter	11978	ECON	1402	B02	TUT	R	1435	1525	78
Fall	32203	ECOR	1041	A	LEC	TR	1135	1255	348
Fall	32204	ECOR	1041	A1	LAB	T	835	1125	80
Fall	32205	ECOR	1041	A2	LAB	W	1435	1725	80
Fall	32206	ECOR	1041	A3	LAB	R	835	1125	80
Fall	32207	ECOR	1041	A4	LAB	F	835	1125	80
Fall	32208	ECOR	1041	A5	LAB	F	1435	1725	80
Fall	32209	ECOR	1041	A6	LAB	R	1435	1725	80
Fall	32210	ECOR	1041	B	LEC	TR	1305	1425	348
Fall	32211	ECOR	1041	B1	LAB	M	1435	1725	80
Fall	32212	ECOR	1041	B2	LAB	F	1135	1425	80
Fall	32213	ECOR	1041	B3	LAB	W	1135	1425	80
Fall	32214	ECOR	1041	B4	LAB	W	1805	2055	80
Fall	32215	ECOR	1041	B5	LAB	M	1805	2055	80
Fall	32216	ECOR	1041	B6	LAB	T	1435	1725	80
Winter	12070	ECOR	1041	C	LEC	TR	1135	1255	386
Winter	12071	ECOR	1041	C1	LAB	M	1135	1425	80
Winter	12072	ECOR	1041	C2	LAB	T	1435	1725	80
Winter	12073	ECOR	1041	C3	LAB	F	835	1125	80
Winter	12074	ECOR	1041	C4	LAB	R	835	1125	80
Winter	12075	ECOR	1041	C5	LAB	F	1135	1425	80
Winter	12076	ECOR	1041	C6	LAB	M	835	1125	80
Winter	12077	ECOR	1041	D	LEC	MW	1435	1555	386
Winter	12078	ECOR	1041	D1	LAB	R	1435	1725	80
Winter	12079	ECOR	1041	D2	LAB	F	1805	2055	80
Winter	12080	ECOR	1041	D3	LAB	T	835	1125	80
Winter	12081	ECOR	1041	D4	LAB	F	1435	1725	80
Winter	12082	ECOR	1041	D5	LAB	T	1805	2055	80
Winter	12083	ECOR	1041	D6	LAB	W	835	1125	80
Fall	32217	ECOR	1041	F	LEC	TR	1135	1255	285
Fall	32218	ECOR	1041	F1	LAB				
Winter	12084	ECOR	1041	H	LEC	TR	1135	1255	331
Winter	12085	ECOR	1041	H1	LAB				
Fall	32219	ECOR	1042	A	LEC	TR	1135	1255	348
Fall	32220	ECOR	1042	A1A	LAB	T	835	1125	80
Fall	32221	ECOR	1042	A1B	LAB	T	835	1125	80
Fall	32222	ECOR	1042	A2A	LAB	W	1435	1725	80
Fall	32223	ECOR	1042	A2B	LAB	W	1435	1725	80
Fall	32224	ECOR	1042	A3A	LAB	R	835	1125	80
Fall	32225	ECOR	1042	A3B	LAB	R	835	1125	80
Fall	32226	ECOR	1042	A4A	LAB	F	835	1125	80
Fall	32227	ECOR	1042	A4B	LAB	F	835	1125	80
Fall	32228	ECOR	1042	A5A	LAB	F	1435	1725	80
Fall	32229	ECOR	1042	A5B	LAB	F	1435	1725	80
Fall	32230	ECOR	1042	A6A	LAB	R	1435	1725	80
Fall	32231	ECOR	1042	A6B	LAB	R	1435	1725	80
Fall	32232	ECOR	1042	ATU	TUT				
Fall	32233	ECOR	1042	B	LEC	TR	1305	1425	348
Fall	32234	ECOR	1042	B1A	LAB	M	1435	1725	80
Fall	32235	ECOR	1042	B1B	LAB	M	1435	1725	80
Fall	32236	ECOR	1042	B2A	LAB	F	1135	1425	80
Fall	32237	ECOR	1042	B2B	LAB	F	1135	1425	80
Fall	32238	ECOR	1042	B3A	LAB	W	1135	1425	80
Fall	32239	ECOR	1042	B3B	LAB	W	1135	1425	80
Fall	32240	ECOR	1042	B4A	LAB	W	1805	2055	80
Fall	32241	ECOR	1042	B4B	LAB	W	1805	2055	80
Fall	32242	ECOR	1042	B5A	LAB	M	1805	2055	80
Fall	32243	ECOR	1042	B5B	LAB	M	1805	2055	80
Fall	32244	ECOR	1042	B6A	LAB	T	1435	1725	80
Fall	32245	ECOR	1042	B6B	LAB	T	1435	1725	80
Fall	32246	ECOR	1042	BTU	TUT	TR	1135	1255	285
Winter	12086	ECOR	1042	C	LEC	TR	1135	1255	386
Winter	12087	ECOR	1042	C1A	LAB	M	1135	1425	80
Winter	12088	ECOR	1042	C1B	LAB	M	1135	1425	80
Winter	12089	ECOR	1042	C2A	LAB	T	1435	1725	80
Winter	12090	ECOR	1042	C2B	LAB	T	1435	1725	80
Winter	12091	ECOR	1042	C3A	LAB	F	835	1125	80
Winter	12092	ECOR	1042	C3B	LAB	F	835	1125	80
Winter	12093	ECOR	1042	C4A	LAB	R	835	1125	80
Winter	12094	ECOR	1042	C4B	LAB	R	835	1125	80
Winter	12095	ECOR	1042	C5A	LAB	F	1135	1425	80
Winter	12096	ECOR	1042	C5B	LAB	F	1135	1425	80
Winter	12097	ECOR	1042	C6A	LAB	M	835	1125	80
Winter	12098	ECOR	1042	C6B	LAB	M	835	1125	80
Winter	12099	ECOR	1042	CTU	TUT				
Winter	12100	ECOR	1042	D	LEC	MW	1435	1555	386
Winter	12101	ECOR	1042	D1A	LAB	R	1435	1725	80
Winter	12102	ECOR	1042	D1B	LAB	R	1435	1725	80
Winter	12103	ECOR	1042	D2A	LAB	F	1805	2055	80
Winter	12104	ECOR	1042	D2B	LAB	F	1805	2055	80
Winter	12105	ECOR	1042	D3A	LAB	T	835	1125	80
Winter	12106	ECOR	1042	D3B	LAB	T	835	1125	80
Winter	12107	ECOR	1042	D4A	LAB	F	1435	1725	80
Winter	12108	ECOR	1042	D4B	LAB	F	1435	1725	80
Winter	12109	ECOR	1042	D5A	LAB	T	1805	2055	80
Winter	12110	ECOR	1042	D5B	LAB	T	1805	2055	80
Winter	12111	ECOR	1042	D6A	LAB	W	835	1125	80
Winter	12112	ECOR	1042	D6B	LAB	W	835	1125	80
Winter	12113	ECOR	1042	DTU	TUT	TR	1135	1255	331
Fall	32247	ECOR	1043	A	LEC	TR	1435	1555	348
Fall	32248	ECOR	1043	A1	LAB	R	835	1125	65
Fall	32249	ECOR	1043	A2	LAB	W	1435	1725	65
Fall	32250	ECOR	1043	A3	LAB	W	1135	1425	65
Fall	32251	ECOR	1043	A4	LAB	T	835	1125	65
Fall	32252	ECOR	1043	A5	LAB	F	835	1125	65
Fall	32253	ECOR	1043	A6	LAB				
Fall	32254	ECOR	1043	B	LEC	MW	1005	1125	393
Fall	32255	ECOR	1043	B1	LAB	R	1805	2055	65
Fall	32256	ECOR	1043	B2	LAB	M	1435	1725	65
Fall	32257	ECOR	1043	B3	LAB	F	1435	1725	65
Fall	32258	ECOR	1043	B4	LAB	F	1135	1425	65
Fall	32259	ECOR	1043	B5	LAB	T	1435	1725	65
Fall	32260	ECOR	1043	B6	LAB	M	1135	1425	65
Winter	12114	ECOR	1043	C	LEC	MW	1005	1125	393
Winter	12115	ECOR	1043	C1	LAB	F	1435	1725	65
Winter	12116	ECOR	1043	C2	LAB	W	1805	2055	65
Winter	12117	ECOR	1043	C3	LAB	M	1805	2055	65
Winter	12118	ECOR	1043	C4	LAB	R	835	1125	65
Winter	12119	ECOR	1043	C5	LAB	F	1805	2055	65
Winter	12120	ECOR	1043	C6	LAB	T	835	1125	65
Winter	12121	ECOR	1043	D	LEC	MW	1305	1425	393
Winter	12122	ECOR	1043	D1	LAB	M	835	1125	65
Winter	12123	ECOR	1043	D2	LAB	W	835	1125	65
Winter	12124	ECOR	1043	D3	LAB	R	1435	1725	65
Winter	12125	ECOR	1043	D4	LAB	R	1805	2055	65
Winter	12126	ECOR	1043	D5	LAB	T	1435	1725	65
Winter	12127	ECOR	1043	D6	LAB	F	835	1125	65
Fall	32261	ECOR	1044	A	LEC	TR	1435	1555	348
Fall	32262	ECOR	1044	A1A	LAB	R	835	1125	65
Fall	32263	ECOR	1044	A1B	LAB	R	835	1125	65
Fall	32264	ECOR	1044	A2A	LAB	W	1435	1725	65
Fall	32265	ECOR	1044	A2B	LAB	W	1435	1725	65
Fall	32266	ECOR	1044	A3A	LAB	W	1135	1425	65
Fall	32267	ECOR	1044	A3B	LAB	W	1135	1425	65
Fall	32268	ECOR	1044	A4A	LAB	T	835	1125	65
Fall	32269	ECOR	1044	A4B	LAB	T	835	1125	65
Fall	32270	ECOR	1044	A5A	LAB	F	835	1125	65
Fall	32271	ECOR	1044	A5B	LAB	F	835	1125	65
Fall	32272	ECOR	1044	A6A	LAB				
Fall	32273	ECOR	1044	A6B	LAB				
Fall	32274	ECOR	1044	B	LEC	MW	1005	1125	393
Fall	32275	ECOR	1044	B1A	LAB	R	1805	2055	65
Fall	32276	ECOR	1044	B1B	LAB	R	1805	2055	65
Fall	32277	ECOR	1044	B2A	LAB	M	1435	1725	65
Fall	32278	ECOR	1044	B2B	LAB	M	1435	1725	65
Fall	32279	ECOR	1044	B3A	LAB	F	1435	1725	65
Fall	32280	ECOR	1044	B3B	LAB	F	1435	1725	65
Fall	32281	ECOR	1044	B4A	LAB	F	1135	1425	65
Fall	32282	ECOR	1044	B4B	LAB	F	1135	1425	65
Fall	32283	ECOR	1044	B5A	LAB	T	1435	1725	65
Fall	32284	ECOR	1044	B5B	LAB	T	1435	1725	65
Fall	32285	ECOR	1044	B6A	LAB	M	1135	1425	65
Fall	32286	ECOR	1044	B6B	LAB	M	1135	1425	65
Winter	12128	ECOR	1044	C	LEC	MW	1005	1125	393
Winter	12129	ECOR	1044	C1A	LAB	F	1435	1725	65
Winter	12130	ECOR	1044	C1B	LAB	F	1435	1725	65
Winter	12131	ECOR	1044	C2A	LAB	W	1805	2055	65
Winter	12132	ECOR	1044	C2B	LAB	W	1805	2055	65
Winter	12133	ECOR	1044	C3A	LAB	M	1805	2055	65
Winter	12134	ECOR	1044	C3B	LAB	M	1805	2055	65
Winter	12135	ECOR	1044	C4A	LAB	R	835	1125	65
Winter	12136	ECOR	1044	C4B	LAB	R	835	1125	65
Winter	12137	ECOR	1044	C5A	LAB	F	1805	2055	65
Winter	12138	ECOR	1044	C5B	LAB	F	1805	2055	65
Winter	12139	ECOR	1044	C6A	LAB	T	835	1125	65
Winter	12140	ECOR	1044	C6B	LAB	T	835	1125	65
Winter	12141	ECOR	1044	D	LEC	MW	1305	1425	393
Winter	12142	ECOR	1044	D1A	LAB	M	835	1125	65
Winter	12143	ECOR	1044	D1B	LAB	M	835	1125	65
Winter	12144	ECOR	1044	D2A	LAB	W	835	1125	65
Winter	12145	ECOR	1044	D2B	LAB	W	835	1125	65
Winter	12146	ECOR	1044	D3A	LAB	R	1435	1725	65
Winter	12147	ECOR	1044	D3B	LAB	R	1435	1725	65
Winter	12148	ECOR	1044	D4A	LAB	R	1805	2055	65
Winter	12149	ECOR	1044	D4B	LAB	R	1805	2055	65
Winter	12150	ECOR	1044	D5A	LAB	T	1435	1725	65
Winter	12151	ECOR	1044	D5B	LAB	T	1435	1725	65
Winter	12152	ECOR	1044	D6A	LAB	F	835	1125	65
Winter	12153	ECOR	1044	D6B	LAB	F	835	1125	65
Fall	32287	ECOR	1045	A	LEC	TR	1435	1555	285
Fall	32288	ECOR	1045	A1	LAB	M	835	1125	79
Fall	32289	ECOR	1045	A2	LAB	F	1435	1725	79
Fall	32290	ECOR	1045	A3	LAB	M	1805	2055	78
Fall	32291	ECOR	1045	A4	LAB	T	1135	1425	115
Fall	32292	ECOR	1045	B	LEC	WF	1435	1555	393
Fall	32293	ECOR	1045	B1	LAB	M	1435	1725	78
Fall	32294	ECOR	1045	B2	LAB	F	835	1125	79
Fall	32295	ECOR	1045	B3	LAB	F	835	1125	98
Fall	32296	ECOR	1045	B4	LAB	W	835	1125	78
Fall	32297	ECOR	1045	C	LEC	TR	1305	1425	393
Fall	32298	ECOR	1045	C1	LAB	T	835	1125	78
Fall	32299	ECOR	1045	C2	LAB	M	1135	1425	236
Fall	32300	ECOR	1045	C3	LAB	T	1435	1725	84
Fall	32301	ECOR	1045	C4	LAB	W	1805	2055	79
Winter	12154	ECOR	1045	D	LEC	MW	1135	1255	236
Winter	12155	ECOR	1045	D1	LAB	W	1805	2055	78
Winter	12156	ECOR	1045	D2	LAB	F	1435	1725	78
Winter	12157	ECOR	1045	D3	LAB	R	835	1125	69
Winter	12158	ECOR	1045	D4	LAB	W	1435	1725	78
Winter	12159	ECOR	1045	E	LEC	WF	1305	1425	285
Winter	12160	ECOR	1045	E1	LAB	F	835	1125	78
Winter	12161	ECOR	1045	E2	LAB	F	1435	1725	78
Winter	12162	ECOR	1045	E3	LAB	T	1435	1725	78
Winter	12163	ECOR	1045	E4	LAB	R	835	1125	78
Winter	12164	ECOR	1045	F	LEC	TR	1305	1425	236
Winter	12165	ECOR	1045	F1	LAB	T	835	1125	78
Winter	12166	ECOR	1045	F2	LAB	F	1135	1425	78
Winter	12167	ECOR	1045	F3	LAB	M	1435	1725	78
Winter	12168	ECOR	1045	F4	LAB	M	835	1125	78
Fall	32302	ECOR	1046	A	LEC	TR	1435	1555	285
Fall	32303	ECOR	1046	A1A	LAB	M	835	1125	79
Fall	32304	ECOR	1046	A1B	LAB	M	835	1125	79
Fall	32305	ECOR	1046	A2A	LAB	F	1435	1725	79
Fall	32306	ECOR	1046	A2B	LAB	F	1435	1725	79
Fall	32307	ECOR	1046	A3A	LAB	M	1805	2055	78
Fall	32308	ECOR	1046	A3B	LAB	M	1805	2055	78
Fall	32309	ECOR	1046	A4A	LAB	T	1135	1425	115
Fall	32310	ECOR	1046	A4B	LAB	T	1135	1425	115
Fall	32311	ECOR	1046	B	LEC	WF	1435	1555	393
Fall	32312	ECOR	1046	B1A	LAB	M	1435	1725	78
Fall	32313	ECOR	1046	B1B	LAB	M	1435	1725	78
Fall	32314	ECOR	1046	B2A	LAB	F	835	1125	79
Fall	32315	ECOR	1046	B2B	LAB	F	835	1125	79
Fall	32316	ECOR	1046	B3A	LAB	F	835	1125	98
Fall	32317	ECOR	1046	B3B	LAB	F	835	1125	98
Fall	32318	ECOR	1046	B4A	LAB	W	835	1125	78
Fall	32319	ECOR	1046	B4B	LAB	W	835	1125	78
Fall	32320	ECOR	1046	C	LEC	TR	1305	1425	393
Fall	32321	ECOR	1046	C1A	LAB	T	835	1125	78
Fall	32322	ECOR	1046	C1B	LAB	T	835	1125	78
Fall	32323	ECOR	1046	C2A	LAB	M	1135	1425	236
Fall	32324	ECOR	1046	C2B	LAB	M	1135	1425	236
Fall	32325	ECOR	1046	C3A	LAB	T	1435	1725	84
Fall	32326	ECOR	1046	C3B	LAB	T	1435	1725	84
Fall	32327	ECOR	1046	C4A	LAB	W	1805	2055	79
Fall	32328	ECOR	1046	C4B	LAB	W	1805	2055	79
Winter	12169	ECOR	1046	D	LEC	MW	1135	1255	236
Winter	12170	ECOR	1046	D1A	LAB	W	1805	2055	78
Winter	12171	ECOR	1046	D1B	LAB	W	1805	2055	78
Winter	12172	ECOR	1046	D2A	LAB	F	1435	1725	78
Winter	12173	ECOR	1046	D2B	LAB	F	1435	1725	78
Winter	12174	ECOR	1046	D3A	LAB	R	835	1125	69
Winter	12175	ECOR	1046	D3B	LAB	R	835	1125	69
Winter	12176	ECOR	1046	D4A	LAB	W	1435	1725	78
Winter	12177	ECOR	1046	D4B	LAB	W	1435	1725	78
Winter	12178	ECOR	1046	E	LEC	WF	1305	1425	285
Winter	12179	ECOR	1046	E1A	LAB	F	835	1125	78
Winter	12180	ECOR	1046	E1B	LAB	F	835	1125	78
Winter	12181	ECOR	1046	E2A	LAB	F	1435	1725	78
Winter	12182	ECOR	1046	E2B	LAB	F	1435	1725	78
Winter	12183	ECOR	1046	E3A	LAB	T	1435	1725	78
Winter	12184	ECOR	1046	E3B	LAB	T	1435	1725	78
Winter	12185	ECOR	1046	E4A	LAB	R	835	1125	78
Winter	12186	ECOR	1046	E4B	LAB	R	835	1125	78
Winter	12187	ECOR	1046	F	LEC	TR	1305	1425	236
Winter	12188	ECOR	1046	F1A	LAB	T	835	1125	78
Winter	12189	ECOR	1046	F1B	LAB	T	835	1125	78
Winter	12190	ECOR	1046	F2A	LAB	F	1135	1425	78
Winter	12191	ECOR	1046	F2B	LAB	F	1135	1425	78
Winter	12192	ECOR	1046	F3A	LAB	M	1435	1725	78
Winter	12193	ECOR	1046	F3B	LAB	M	1435	1725	78
Winter	12194	ECOR	1046	F4A	LAB	M	835	1125	78
Winter	12195	ECOR	1046	F4B	LAB	M	835	1125	78
Fall	32329	ECOR	1047	A	LEC	TR	1135	1255	444
Fall	32330	ECOR	1047	A1A	LAB	M	1435	1725	86
Fall	32331	ECOR	1047	A1B	LAB	M	1435	1725	86
Fall	32332	ECOR	1047	A2A	LAB	M	835	1125	86
Fall	32333	ECOR	1047	A2B	LAB	M	835	1125	86
Fall	32334	ECOR	1047	A3A	LAB	M	1805	2055	86
Fall	32335	ECOR	1047	A3B	LAB	M	1805	2055	86
Fall	32336	ECOR	1047	A4A	LAB	W	1135	1425	86
Fall	32337	ECOR	1047	A4B	LAB	W	1135	1425	86
Fall	32338	ECOR	1047	A5A	LAB	F	1135	1425	86
Fall	32339	ECOR	1047	A5B	LAB	F	1135	1425	86
Fall	32340	ECOR	1047	A6A	LAB	F	835	1125	86
Fall	32341	ECOR	1047	A6B	LAB	F	835	1125	86
Fall	32342	ECOR	1047	B	LEC	WF	1135	1255	386
Fall	32343	ECOR	1047	B1A	LAB	T	1435	1725	86
Fall	32344	ECOR	1047	B1B	LAB	T	1435	1725	86
Fall	32345	ECOR	1047	B2A	LAB	R	835	1125	86
Fall	32346	ECOR	1047	B2B	LAB	R	835	1125	86
Fall	32347	ECOR	1047	B3A	LAB	T	835	1125	86
Fall	32348	ECOR	1047	B3B	LAB	T	835	1125	86
Fall	32349	ECOR	1047	B4A	LAB	R	1435	1725	86
Fall	32350	ECOR	1047	B4B	LAB	R	1435	1725	86
Fall	32351	ECOR	1047	B5A	LAB	W	1805	2055	86
Fall	32352	ECOR	1047	B5B	LAB	W	1805	2055	86
Fall	32353	ECOR	1047	B6A	LAB	W	835	1125	86
Fall	32354	ECOR	1047	B6B	LAB	W	835	1125	86
Winter	12196	ECOR	1047	C	LEC	TR	1135	1255	348
Winter	12197	ECOR	1047	C1A	LAB	T	1805	2055	58
Winter	12198	ECOR	1047	C1B	LAB	T	1805	2055	58
Winter	12199	ECOR	1047	C2A	LAB	W	835	1125	58
Winter	12200	ECOR	1047	C2B	LAB	W	835	1125	58
Winter	12201	ECOR	1047	C3A	LAB	F	1435	1725	58
Winter	12202	ECOR	1047	C3B	LAB	F	1435	1725	58
Winter	12203	ECOR	1047	C4A	LAB	T	1435	1725	58
Winter	12204	ECOR	1047	C4B	LAB	T	1435	1725	58
Winter	12205	ECOR	1047	C5A	LAB	F	1135	1425	58
Winter	12206	ECOR	1047	C5B	LAB	F	1135	1425	58
Winter	12207	ECOR	1047	C6A	LAB	M	835	1125	58
Winter	12208	ECOR	1047	C6B	LAB	M	835	1125	58
Winter	12209	ECOR	1047	D	LEC	MW	1005	1125	331
Winter	12210	ECOR	1047	D1A	LAB	T	1135	1425	58
Winter	12211	ECOR	1047	D1B	LAB	T	1135	1425	58
Winter	12212	ECOR	1047	D2A	LAB	F	835	1125	58
Winter	12213	ECOR	1047	D2B	LAB	F	835	1125	58
Winter	12214	ECOR	1047	D3A	LAB	F	1805	2055	58
Winter	12215	ECOR	1047	D3B	LAB	F	1805	2055	58
Winter	12216	ECOR	1047	D4A	LAB	M	1805	2055	58
Winter	12217	ECOR	1047	D4B	LAB	M	1805	2055	58
Winter	12218	ECOR	1047	D5A	LAB	R	1435	1725	58
Winter	12219	ECOR	1047	D5B	LAB	R	1435	1725	58
Winter	12220	ECOR	1047	D6A	LAB	T	835	1125	58
Winter	12221	ECOR	1047	D6B	LAB	T	835	1125	58
Fall	32355	ECOR	1048	A	LEC	TR	1135	1255	444
Fall	32356	ECOR	1048	A1	LAB	M	1435	1725	86
Fall	32357	ECOR	1048	A2	LAB	M	835	1125	86
Fall	32358	ECOR	1048	A3	LAB	M	1805	2055	86
Fall	32359	ECOR	1048	A4	LAB	W	1135	1425	86
Fall	32360	ECOR	1048	A5	LAB	F	1135	1425	86
Fall	32361	ECOR	1048	A6	LAB	F	835	1125	86
Fall	32362	ECOR	1048	B	LEC	WF	1135	1255	386
Fall	32363	ECOR	1048	B1	LAB	T	1435	1725	86
Fall	32364	ECOR	1048	B2	LAB	R	835	1125	86
Fall	32365	ECOR	1048	B3	LAB	T	835	1125	86
Fall	32366	ECOR	1048	B4	LAB	R	1435	1725	86
Fall	32367	ECOR	1048	B5	LAB	W	1805	2055	86
Fall	32368	ECOR	1048	B6	LAB	W	835	1125	86
Winter	12222	ECOR	1048	C	LEC	TR	1135	1255	348
Winter	12223	ECOR	1048	C1	LAB	T	1805	2055	58
Winter	12224	ECOR	1048	C2	LAB	W	835	1125	58
Winter	12225	ECOR	1048	C3	LAB	F	1435	1725	58
Winter	12226	ECOR	1048	C4	LAB	T	1435	1725	58
Winter	12227	ECOR	1048	C5	LAB	F	1135	1425	58
Winter	12228	ECOR	1048	C6	LAB	M	835	1125	58
Winter	12229	ECOR	1048	D	LEC	MW	1005	1125	331
Winter	12230	ECOR	1048	D1	LAB	T	1135	1425	58
Winter	12231	ECOR	1048	D2	LAB	F	835	1125	58
Winter	12232	ECOR	1048	D3	LAB	F	1805	2055	58
Winter	12233	ECOR	1048	D4	LAB	M	1805	2055	58
Winter	12234	ECOR	1048	D5	LAB	R	1435	1725	58
Winter	12235	ECOR	1048	D6	LAB	T	835	1125	58
Fall	32369	ECOR	1055	A	LEC	W	835	955	204
Fall	32370	ECOR	1055	B	LEC	W	1605	1725	285
Fall	32371	ECOR	1055	C	LEC	M	1435	1555	204
Fall	32372	ECOR	1055	D	LEC	W	835	955	98
Fall	32373	ECOR	1055	E	LEC	W	835	955	66
Fall	32374	ECOR	1055	G	LEC	R	835	955	285
Fall	32375	ECOR	1055	H	LEC	M	1005	1125	154
Fall	32376	ECOR	1055	I	LEC	M	1135	1255	154
Fall	32377	ECOR	1055	J	LEC	R	1005	1125	96
Fall	32378	ECOR	1055	K	LEC	M	835	955	51
Fall	32379	ECOR	1055	L	LEC	M	1135	1255	57
Winter	12236	ECOR	1056	A	LEC				9000
Winter	12237	ECOR	1056	B	LEC				9000
Winter	12238	ECOR	1056	C	LEC				9000
Winter	12239	ECOR	1056	D	LEC				9000
Fall	32380	ECOR	1057	A	LEC				9000
Fall	32381	ECOR	1057	B	LEC				9000
Fall	32382	ECOR	1057	C	LEC				9000
Fall	32383	ECOR	1057	D	LEC				9000
Winter	12355	ENGL	1008	A	LEC	TR	1305	1425	9000
Fall	32512	ENGL	1009	A	LEC	W	1435	1725	9000
Fall	32513	ENGL	1010	A	LEC	TR	1005	1125	40
Fall	32514	ENGL	1010	B	LEC				9000
Winter	12356	ENGL	1010	C	LEC				9000
Winter	12357	ENGL	1010	D	LEC				9000
Fall	32515	ENGL	1020	A	LEC	TR	1005	1125	84
Winter	12358	ENGL	1020	B	LEC				9000
Winter	12359	ENGL	1200	A	LEC	WF	1005	1125	98
Fall	32516	ENGL	1400	A	LEC	TR	1305	1425	9000
Fall	32517	ENGL	1500	A	LEC	F	1305	1425	98
Fall	32518	ENGL	1500	A01	WKS	F	1435	1555	42
Fall	32519	ENGL	1500	A02	WKS	F	1605	1725	42
Fall	32520	ENGL	1500	A03	WKS	F	1435	1555	63
Fall	32521	ENGL	1500	A04	WKS	F	1605	1725	42
Fall	32522	ENGL	1500	A05	WKS	F	1435	1555	20
Winter	12360	ENGL	1500	B	LEC	M	1305	1425	151
Winter	12361	ENGL	1500	B01	WKS	M	1435	1555	28
Winter	12362	ENGL	1500	B02	WKS	M	1605	1725	52
Winter	12363	ENGL	1500	B03	WKS	M	1435	1555	27
Winter	12364	ENGL	1500	B04	WKS	M	1605	1725	23
Winter	12365	ENGL	1500	B05	WKS	M	1435	1555	40
Fall	32523	ENGL	1609	A	LEC	TR	1605	1725	79
Winter	12366	ENGL	1700	A	LEC	MW	1435	1555	80
Fall	32587	ENSC	1500	A	LEC	M	1135	1425	57
Fall	32596	ENST	1000	A	LEC	R	1435	1625	108
Fall	32597	ENST	1000	A1	TUT	T	935	1025	33
Fall	32598	ENST	1000	A2	TUT				
Fall	32599	ENST	1000	A3	TUT	T	1035	1125	33
Fall	32600	ENST	1000	A4	TUT	T	1635	1725	33
Fall	32601	ENST	1020	A	LEC	R	1135	1325	386
Fall	32602	ENST	1020	A01	TUT	F	1635	1725	33
Fall	32603	ENST	1020	A02	TUT	R	1635	1725	33
Fall	32604	ENST	1020	A03	TUT	R	1535	1625	33
Fall	32605	ENST	1020	A04	TUT				
Fall	32606	ENST	1020	A05	TUT	R	1805	1855	33
Fall	32607	ENST	1020	A06	TUT	R	1435	1525	33
Fall	32608	ENST	1020	A07	TUT	F	1035	1125	33
Fall	32609	ENST	1020	A08	TUT	R	1335	1425	33
Winter	12431	ENST	1020	B	LEC	W	1805	1955	331
Winter	12432	ENST	1020	B01	TUT	R	1805	1855	33
Winter	12433	ENST	1020	B02	TUT	R	1905	1955	33
Winter	12434	ENST	1020	B03	TUT	F	835	925	33
Winter	12435	ENST	1020	B04	TUT	R	1535	1625	33
Winter	12436	ENST	1020	B05	TUT	R	1635	1725	33
Winter	12437	ENST	1020	B06	TUT	M	1435	1525	33
Winter	12438	ENST	1020	B07	TUT	M	1635	1725	33
Winter	12439	ENST	1020	B08	TUT	M	1535	1625	33
Fall	32630	ENVE	1001	A	LEC	R	1805	2055	108
Fall	32631	ENVE	1001	A1E	PAN	T	1805	2055	96
Fall	32689	ERTH	1006	A	LEC	TR	1605	1725	386
Fall	32690	ERTH	1006	L1	LAB	W	835	1125	24
Fall	32691	ERTH	1006	L2	LAB	F	1435	1725	24
Fall	32692	ERTH	1006	L3	LAB	F	835	1125	24
Fall	32693	ERTH	1006	L4	LAB	W	1435	1725	24
Fall	32694	ERTH	1006	L5	LAB	T	835	1125	24
Fall	32695	ERTH	1006	L6	LAB	F	1135	1425	24
Fall	32696	ERTH	1006	L7	LAB	R	1135	1425	24
Winter	12513	ERTH	1009	A	LEC	TR	1635	1755	386
Winter	12514	ERTH	1009	L1	LAB	R	835	1125	24
Winter	12515	ERTH	1009	L2	LAB	F	1435	1725	24
Winter	12516	ERTH	1009	L3	LAB	T	835	1125	24
Winter	12517	ERTH	1009	L4	LAB	F	835	1125	24
Fall	32697	ERTH	1010	A	LEC	TR	1605	1725	386
Winter	12518	ERTH	1011	A	LEC	TR	1635	1755	386
Winter	12528	ERTH	2404	A	LEC	M	1435	1725	331
Winter	12529	ERTH	2404	L1	LAB	W	835	1125	24
Winter	12530	ERTH	2404	L2	LAB	T	1435	1725	24
Winter	12531	ERTH	2404	L3	LAB	W	1435	1725	24
Winter	12532	ERTH	2404	L4	LAB	F	1135	1425	24
Winter	12533	ERTH	2404	L5	LAB	R	1805	2055	24
Winter	12534	ERTH	2404	L6	LAB	T	1805	2055	24
Winter	15611	ERTH	2404	L7	LAB	R	1435	1725	24
Winter	15612	ERTH	2404	L8	LAB	W	1805	2055	24
Fall	32750	ESLA	1300	A	SEM	TR	1135	1425	27
Fall	32751	ESLA	1300	A01	LAB	F	835	1025	34
Winter	12571	ESLA	1300	B	SEM	MW	1135	1425	32
Winter	12572	ESLA	1300	B01	LAB	R	1535	1725	40
Fall	32752	ESLA	1500	A	SEM	MW	1135	1425	31
Fall	32753	ESLA	1500	B	SEM	WF	1435	1725	32
Winter	12573	ESLA	1500	C	SEM	MW	1135	1425	32
Fall	32776	EURR	1001	F	LEC	TR	1135	1255	84
Fall	32861	FILM	1101	A	LEC	W	835	1125	9000
Fall	32862	FILM	1101	A01	GRP	R	1435	1525	9000
Fall	32863	FILM	1101	A02	GRP	R	1435	1525	9000
Fall	32864	FILM	1101	A03	GRP	R	1535	1625	9000
Fall	32865	FILM	1101	A04	GRP	R	1535	1625	9000
Fall	32866	FILM	1101	A05	GRP	R	1635	1725	9000
Fall	32867	FILM	1101	A06	GRP	R	1635	1725	9000
Fall	32868	FILM	1101	A07	GRP	F	1135	1225	9000
Fall	32869	FILM	1101	A08	GRP	F	1135	1225	9000
Fall	32870	FILM	1101	A09	GRP	F	1135	1225	9000
Fall	32871	FILM	1101	A10	GRP	R	1805	1855	9000
Fall	32872	FILM	1101	A11	GRP	R	1805	1855	9000
Fall	32873	FILM	1101	A12	GRP	R	1805	1855	9000
Fall	32874	FILM	1101	A13	GRP	F	1235	1325	9000
Fall	32875	FILM	1101	A14	GRP	F	1235	1325	9000
Winter	12680	FILM	1101	B	LEC	M	1135	1425	444
Winter	12681	FILM	1101	B01	GRP	T	1335	1425	32
Winter	12682	FILM	1101	B02	GRP	T	1335	1425	52
Winter	12683	FILM	1101	B03	GRP	T	1335	1425	83
Winter	12684	FILM	1101	B04	GRP	R	1535	1625	27
Winter	12685	FILM	1101	B05	GRP	T	1235	1325	32
Winter	12686	FILM	1101	B06	GRP	T	1235	1325	83
Winter	12687	FILM	1101	B07	GRP	T	1235	1325	27
Winter	12688	FILM	1101	B08	GRP	T	1805	1855	27
Winter	12689	FILM	1101	B09	GRP	T	1805	1855	27
Winter	12690	FILM	1101	B10	GRP	T	1805	1855	32
Winter	12691	FILM	1101	B11	GRP	R	1535	1625	27
Winter	12692	FILM	1101	B12	GRP	R	1535	1625	48
Winter	12693	FILM	1101	B13	GRP	W	1335	1425	32
Winter	12694	FILM	1101	B14	GRP	W	1335	1425	40
Fall	32876	FILM	1120	A	LEC	F	1435	1525	52
Fall	32877	FILM	1120	AF	FLM	F	1135	1425	52
Winter	12753	FOOD	1001	A	LEC	MW	1605	1725	98
Fall	32971	FREN	1001	A	LEC	WF	1435	1555	27
Winter	12769	FREN	1001	A	LEC	WF	1435	1555	31
Fall	32972	FREN	1001	B	LEC	WF	1305	1425	27
Winter	12770	FREN	1001	B	LEC	WF	1305	1425	31
Fall	32973	FREN	1001	C	LEC	MW	1135	1255	56
Winter	12771	FREN	1001	C	LEC	MW	1135	1255	56
Fall	32974	FREN	1002	A	LEC	WF	1435	1555	31
Winter	12772	FREN	1002	A	LEC	WF	1435	1555	48
Fall	32975	FREN	1002	B	LEC	WF	1305	1425	27
Winter	12773	FREN	1002	B	LEC	WF	1305	1425	79
Fall	32976	FREN	1002	C	LEC	MW	1135	1255	36
Winter	12774	FREN	1002	C	LEC	MW	1135	1255	42
Fall	32977	FREN	1002	D	LEC	TR	1935	2055	27
Winter	12775	FREN	1002	D	LEC	TR	1935	2055	29
Fall	32978	FREN	1002	E	LEC	TR	1005	1125	27
Winter	12776	FREN	1002	E	LEC	TR	1005	1125	27
Fall	32979	FREN	1002	Y	LEC	MTR	1135	1325	31
Fall	32980	FREN	1050	A	SEM	TR	1605	1725	54
Fall	32981	FREN	1100	A	LEC	WF	1435	1555	31
Winter	12777	FREN	1100	A	LEC	WF	1435	1555	56
Fall	32982	FREN	1100	B	LEC	WF	1305	1425	31
Winter	12778	FREN	1100	B	LEC	WF	1305	1425	56
Fall	32983	FREN	1100	C	LEC	MW	1135	1255	29
Winter	12779	FREN	1100	C	LEC	MW	1135	1255	40
Fall	32984	FREN	1100	D	LEC	TR	1935	2055	54
Winter	12780	FREN	1100	D	LEC	TR	1935	2055	56
Winter	12781	FREN	1100	Z	LEC	MTR	1135	1325	40
Fall	32985	FREN	1110	A	LEC				
Winter	12782	FREN	1110	A	LEC				
Fall	33012	FYSM	1001	A	SEM	TR	1305	1425	52
Fall	33013	FYSM	1004	A	SEM	MW	1305	1425	40
Winter	12811	FYSM	1004	A	SEM	MW	1305	1425	40
Fall	33014	FYSM	1004	B	SEM	TR	1005	1125	28
Winter	12812	FYSM	1004	B	SEM	TR	1005	1125	28
Fall	33015	FYSM	1004	C	SEM	M	1435	1725	40
Winter	12813	FYSM	1004	C	SEM	M	1435	1725	47
Fall	33016	FYSM	1004	D	SEM	T	1435	1725	40
Winter	12814	FYSM	1004	D	SEM	T	1435	1725	41
Fall	33017	FYSM	1101	A	SEM	R	835	1125	30
Winter	12815	FYSM	1101	A	SEM	R	835	1125	30
Fall	33018	FYSM	1106	A	SEM	WF	835	955	57
Winter	12816	FYSM	1106	A	SEM	WF	835	955	42
Fall	33019	FYSM	1107	A	SEM	F	1135	1425	33
Winter	12817	FYSM	1107	A	SEM	F	1135	1425	33
Fall	33020	FYSM	1108	A	SEM	T	1135	1425	30
Fall	33021	FYSM	1210	A	SEM	MW	1605	1725	39
Winter	12818	FYSM	1210	A	SEM	TR	1135	1255	42
Fall	33022	FYSM	1210	B	SEM	TR	1305	1425	39
Winter	12819	FYSM	1210	B	SEM	MW	1005	1125	42
Fall	33023	FYSM	1217	A	SEM	W	1135	1425	54
Winter	12820	FYSM	1217	B	SEM	R	835	1125	39
Fall	33024	FYSM	1310	B	SEM	TR	1135	1255	9000
Winter	12821	FYSM	1310	B	SEM	TR	1135	1255	9000
Fall	33025	FYSM	1310	C	SEM	R	1305	1425	42
Winter	12822	FYSM	1310	C	SEM	R	1305	1425	39
Fall	33026	FYSM	1310	E	SEM	F	1135	1425	42
Winter	12823	FYSM	1310	E	SEM	F	1135	1425	42
Fall	33027	FYSM	1310	F	SEM	MW	1605	1725	52
Winter	12824	FYSM	1310	F	SEM	MW	1605	1725	29
Fall	33028	FYSM	1310	H	SEM	T	1805	2055	29
Winter	12825	FYSM	1310	H	SEM	T	1805	2055	30
Fall	33029	FYSM	1401	A	SEM				
Winter	12826	FYSM	1401	A	SEM				
Fall	33030	FYSM	1402	A	SEM				
Winter	12827	FYSM	1402	A	SEM				
Fall	33031	FYSM	1405	A	SEM	TR	1435	1555	39
Winter	12828	FYSM	1405	A	SEM	TR	1435	1555	39
Fall	33032	FYSM	1405	B	SEM	WF	835	955	31
Winter	12829	FYSM	1405	B	SEM	WF	835	955	32
Fall	33033	FYSM	1405	C	SEM	T	1135	1425	40
Winter	12830	FYSM	1405	C	SEM	T	1135	1425	42
Fall	33034	FYSM	1405	D	SEM				
Winter	12831	FYSM	1405	D	SEM				
Fall	33035	FYSM	1406	A	SEM				
Winter	12832	FYSM	1406	A	SEM				
Fall	33036	FYSM	1409	A	SEM	F	1135	1425	52
Winter	12833	FYSM	1409	A	SEM	F	1135	1425	42
Fall	33037	FYSM	1450	A	SEM	W	1135	1425	29
Winter	12834	FYSM	1450	A	SEM	W	1135	1425	29
Fall	33038	FYSM	1502	A	SEM	R	1135	1425	52
Winter	12835	FYSM	1502	A	SEM	R	1135	1425	52
Fall	33039	FYSM	1506	B	SEM	T	835	1125	35
Winter	12836	FYSM	1506	B	SEM	T	835	1125	42
Fall	33040	FYSM	1508	A	SEM	MW	1005	1125	66
Winter	12837	FYSM	1508	A	SEM	MW	1005	1125	40
Fall	33041	FYSM	1508	B	SEM	MW	1135	1255	30
Winter	12838	FYSM	1508	B	SEM	MW	1135	1255	40
Fall	33042	FYSM	1607	A	SEM	WF	1005	1125	52
Winter	12839	FYSM	1607	A	SEM	WF	1005	1125	32
Fall	33043	FYSM	1607	B	SEM				
Winter	12840	FYSM	1607	B	SEM				
Fall	33044	FYSM	1607	C	SEM	TR	1605	1725	39
Winter	12841	FYSM	1607	C	SEM	TR	1605	1725	32
Fall	33045	FYSM	1611	A	SEM	M	1435	1725	9000
Fall	33046	FYSM	1611	B	SEM	R	835	1125	42
Fall	33047	FYSM	1611	C	SEM	W	835	1125	31
Winter	12842	FYSM	1611	D	SEM	M	1135	1425	51
Fall	35774	FYSM	1611	O	SEM				
Fall	33058	GEOG	1010	A	LEC	MW	835	955	151
Fall	33059	GEOG	1010	A01	LAB	W	1805	1955	25
Fall	33060	GEOG	1010	A02	LAB	F	1135	1325	25
Fall	33061	GEOG	1010	A03	LAB	F	1435	1625	25
Fall	33062	GEOG	1010	A04	LAB	W	1135	1325	25
Fall	33063	GEOG	1010	A05	LAB	F	835	1025	25
Fall	33064	GEOG	1010	A06	LAB	M	1035	1225	25
Winter	12853	GEOG	1010	B	LEC	MW	1305	1425	98
Winter	12854	GEOG	1010	B01	LAB	W	2005	2155	25
Winter	12855	GEOG	1010	B02	LAB	F	1135	1325	25
Winter	12856	GEOG	1010	B03	LAB	F	1435	1625	25
Winter	12857	GEOG	1010	B04	LAB	R	1435	1625	25
Winter	12858	GEOG	1010	B05	LAB				
Fall	33065	GEOG	1020	A	LEC	R	1135	1325	386
Fall	33066	GEOG	1020	A01	TUT	F	1635	1725	33
Fall	33067	GEOG	1020	A02	TUT	R	1635	1725	33
Fall	33068	GEOG	1020	A03	TUT	R	1535	1625	33
Fall	33069	GEOG	1020	A04	TUT				
Fall	33070	GEOG	1020	A05	TUT	R	1805	1855	33
Fall	33071	GEOG	1020	A06	TUT	R	1435	1525	33
Fall	33072	GEOG	1020	A07	TUT	F	1035	1125	33
Fall	33073	GEOG	1020	A08	TUT	R	1335	1425	33
Winter	12859	GEOG	1020	B	LEC	W	1805	1955	331
Winter	12860	GEOG	1020	B01	TUT	R	1805	1855	33
Winter	12861	GEOG	1020	B02	TUT	R	1905	1955	33
Winter	12862	GEOG	1020	B03	TUT	F	835	925	33
Winter	12863	GEOG	1020	B04	TUT	R	1535	1625	33
Winter	12864	GEOG	1020	B05	TUT	R	1635	1725	33
Winter	12865	GEOG	1020	B06	TUT	M	1435	1525	33
Winter	12866	GEOG	1020	B07	TUT	M	1635	1725	33
Winter	12867	GEOG	1020	B08	TUT	M	1535	1625	33
Fall	33074	GEOG	1023	A	LEC	W	1235	1425	98
Fall	33075	GEOG	1023	A1	TUT	W	1435	1525	33
Fall	33076	GEOG	1023	A2	TUT	W	1805	1855	33
Fall	33077	GEOG	1023	A3	TUT	W	1535	1625	33
Fall	33143	GEOM	1004	A	LEC	M	1235	1425	96
Fall	33144	GEOM	1004	A1	LAB	T	1135	1325	32
Fall	33145	GEOM	1004	A2	LAB	F	935	1125	32
Fall	33146	GEOM	1004	A3	LAB	F	1605	1755	32
Winter	12929	GEOM	1004	B	LEC	M	935	1125	97
Winter	12930	GEOM	1004	B1	LAB	T	835	1025	32
Winter	12931	GEOM	1004	B2	LAB	W	1435	1625	32
Winter	12932	GEOM	1004	B3	LAB	M	1435	1625	32
Fall	33166	GERM	1010	A	SEM	MW	1435	1625	42
Fall	33167	GERM	1010	B	SEM	TR	1805	1955	39
Fall	33168	GERM	1010	C	SEM				
Fall	35923	GERM	1010	D	SEM	TR	935	1125	32
Winter	12955	GERM	1020	A	SEM	WF	1435	1625	32
Winter	15593	GERM	1020	B	SEM	TR	935	1125	36
Fall	33170	GINS	1000	A	LEC	W	1435	1625	96
Fall	33171	GINS	1000	A1	TUT	M	935	1025	31
Fall	33172	GINS	1000	A2	TUT	W	1035	1125	24
Fall	33173	GINS	1000	A3	TUT	W	1335	1425	24
Fall	33174	GINS	1000	A4	TUT				
Winter	12957	GINS	1000	B	LEC	W	1435	1625	78
Winter	12958	GINS	1000	B1	TUT	T	1235	1325	32
Winter	12959	GINS	1000	B2	TUT	T	1535	1625	40
Winter	12960	GINS	1000	B3	TUT	W	1635	1725	55
Winter	12961	GINS	1000	B4	TUT	T	1435	1525	24
Fall	33175	GINS	1010	A	LEC	TR	835	925	98
Fall	33176	GINS	1010	A1	TUT	T	1335	1425	31
Fall	33177	GINS	1010	A2	TUT	F	1035	1125	30
Fall	33178	GINS	1010	A3	TUT	W	935	1025	24
Fall	33179	GINS	1010	A4	TUT	R	1035	1125	24
Winter	12962	GINS	1010	B	LEC	MW	1335	1425	94
Winter	12963	GINS	1010	B1	TUT	M	935	1025	40
Winter	12964	GINS	1010	B2	TUT	T	1035	1125	40
Winter	12965	GINS	1010	B3	TUT	M	1235	1325	55
Winter	12966	GINS	1010	B4	TUT	R	1435	1525	24
Fall	33180	GINS	1020	A	LEC	M	1435	1625	96
Fall	33181	GINS	1020	A1	TUT	T	935	1025	31
Fall	33182	GINS	1020	A2	TUT	F	935	1025	24
Fall	33183	GINS	1020	A3	TUT	M	1635	1725	56
Fall	33184	GINS	1020	A4	TUT	W	1335	1425	24
Winter	12967	GINS	1020	B	LEC	R	935	1125	84
Winter	12968	GINS	1020	B1	TUT	M	1435	1525	35
Winter	12969	GINS	1020	B2	TUT	F	935	1025	47
Winter	12970	GINS	1020	B3	TUT	M	1035	1125	24
Winter	12971	GINS	1100	A	LEC	W	1135	1325	58
Winter	12972	GINS	1100	A1	TUT	F	1535	1625	24
Winter	12973	GINS	1100	A2	TUT	F	1435	1525	24
Winter	12974	GINS	1100	A3	TUT	R	1535	1625	24
Fall	33185	GINS	1300	A	OTH				
Winter	12975	GINS	1300	B	OTH				
Winter	13006	GPOL	1500	A	LEC	T	1135	1325	31
Winter	15677	GPOL	1500	A1	TUT	T	1335	1425	31
Fall	33217	GREK	1005	A	LEC	TR	1435	1625	9000
Winter	13007	GREK	1006	A	LEC	TR	1435	1625	9000
Fall	33227	HIST	1003	A	LEC	M	1135	1425	189
Fall	33228	HIST	1003	A01	GRP				
Fall	33229	HIST	1003	A02	GRP				
Fall	33230	HIST	1003	A03	GRP				
Fall	33231	HIST	1003	A04	GRP				
Fall	33232	HIST	1003	A05	GRP				
Fall	33233	HIST	1003	A06	GRP				
Winter	13015	HIST	1004	A	LEC	M	1135	1425	204
Winter	13016	HIST	1004	A01	GRP				
Winter	13017	HIST	1004	A02	GRP				
Winter	13018	HIST	1004	A03	GRP				
Winter	13019	HIST	1004	A04	GRP				
Winter	13020	HIST	1004	A05	GRP				
Winter	13021	HIST	1004	A06	GRP				
Fall	33234	HIST	1301	A	LEC				
Fall	33235	HIST	1301	B	LEC				9000
Winter	13022	HIST	1302	A	LEC	W	1135	1425	154
Fall	33236	HIST	1701	A	LEC	M	935	1125	67
Fall	33237	HIST	1701	A01	GRP	W	1535	1625	30
Fall	33238	HIST	1701	A02	GRP	W	1635	1725	42
Fall	33239	HIST	1701	A03	GRP				
Fall	33240	HIST	1701	A04	GRP				
Fall	33241	HIST	1701	A05	GRP				
Fall	33242	HIST	1701	A06	GRP				
Winter	13023	HIST	1702	A	LEC	T	935	1125	96
Winter	13024	HIST	1702	A01	GRP	W	1635	1725	56
Winter	13025	HIST	1702	A02	GRP	R	1535	1625	34
Winter	13026	HIST	1702	A03	GRP				
Winter	13027	HIST	1702	A04	GRP	R	1235	1325	42
Winter	13028	HIST	1702	A05	GRP				
Winter	13029	HIST	1702	A06	GRP	F	1335	1425	28
Fall	33313	HLTH	1000	A	LEC	TR	1635	1755	134
Fall	33314	HLTH	1000	A01	GRP	F	1135	1225	25
Fall	33315	HLTH	1000	A02	GRP	F	1535	1625	25
Fall	33316	HLTH	1000	A03	GRP	M	1535	1625	30
Fall	33317	HLTH	1000	A04	GRP				
Fall	33318	HLTH	1000	A05	GRP				
Fall	33319	HLTH	1000	A06	GRP				
Fall	33320	HLTH	1000	A07	GRP	W	1805	1855	35
Fall	33321	HLTH	1001	A	LEC	T	1435	1725	393
Winter	13098	HLTH	1002	A	LEC	WF	1005	1125	133
Fall	33377	HRSJ	1101	A	LEC	M	1435	1625	348
Fall	33378	HRSJ	1101	A01	GRP	T	1335	1425	58
Fall	33379	HRSJ	1101	A02	GRP	T	935	1025	30
Fall	33380	HRSJ	1101	A03	GRP	T	835	925	30
Fall	33381	HRSJ	1101	A04	GRP	W	1335	1425	31
Fall	33382	HRSJ	1101	A05	GRP	W	1635	1725	31
Fall	33383	HRSJ	1101	A06	GRP	W	1235	1325	25
Winter	13153	HRSJ	1102	A	LEC	M	1135	1325	189
Winter	13154	HRSJ	1102	A01	GRP	M	1435	1525	58
Winter	13155	HRSJ	1102	A02	GRP	M	1535	1625	58
Winter	13156	HRSJ	1102	A03	GRP	M	1435	1525	31
Winter	13157	HRSJ	1102	A04	GRP	M	1535	1625	31
Winter	13158	HRSJ	1102	A05	GRP	M	1435	1525	35
Winter	13159	HRSJ	1102	A06	GRP	M	1535	1625	35
Fall	33409	HUMS	1000	A	LEC	WF	1005	1125	93
Winter	13180	HUMS	1000	A	LEC	WF	1005	1125	93
Fall	33410	HUMS	1000	A1	TUT	T	1305	1425	19
Winter	13181	HUMS	1000	A1	TUT	T	1305	1425	19
Fall	33411	HUMS	1000	A2	TUT	T	1435	1555	19
Winter	13182	HUMS	1000	A2	TUT	T	1435	1555	19
Fall	33412	HUMS	1000	A3	TUT				
Winter	13183	HUMS	1000	A3	TUT				
Fall	33413	HUMS	1000	A4	TUT	T	1005	1125	19
Winter	13184	HUMS	1000	A4	TUT	T	1005	1125	19
Fall	33414	HUMS	1200	A	LEC	TR	835	955	93
Fall	33415	HUMS	1200	B	LEC	WF	835	955	93
Winter	13185	HUMS	1300	A	LEC	TR	835	955	93
Fall	33432	IDES	1000	A	LEC	F	835	1125	120
Winter	13206	IDES	1001	A	LEC	F	1135	1425	94
Fall	33433	IDES	1300	A	STU	W	1005	1255	10
Fall	33433	IDES	1300	A	STU	W	1405	1655	10
Fall	33434	IDES	1300	B	STU	W	1005	1255	10
Fall	33434	IDES	1300	B	STU	W	1405	1655	10
Winter	13207	IDES	1301	A	STU	M	1005	1255	10
Winter	13207	IDES	1301	A	STU	M	1405	1655	10
Winter	13208	IDES	1301	B	STU	M	1005	1255	10
Winter	13208	IDES	1301	B	STU	M	1405	1655	10
Fall	33471	IMD	1000	A	LEC	MW	1305	1425	108
Winter	13244	IMD	1001	A	WKS	T	805	1055	76
Winter	13245	IMD	1001	B	WKS	R	805	1055	76
Fall	33472	IMD	1002	A	WKS	T	1205	1455	76
Fall	33473	IMD	1002	B	WKS	R	1205	1455	76
Fall	33474	IMD	1004	A	WKS	T	805	1055	76
Fall	33475	IMD	1004	B	WKS	R	805	1055	76
Winter	13246	IMD	1005	A	WKS	R	1505	1655	76
Winter	13246	IMD	1005	A	WKS	T	1205	1455	76
Winter	13247	IMD	1005	B	WKS	R	1205	1455	76
Winter	13247	IMD	1005	B	WKS	T	1505	1655	76
Fall	33548	INDG	1010	A	LEC	M	1135	1325	204
Fall	33549	INDG	1010	A1	GRP	M	1805	1855	42
Fall	33550	INDG	1010	A2	GRP	T	1135	1225	40
Fall	33551	INDG	1010	A3	GRP	T	1235	1325	40
Fall	33552	INDG	1010	A4	GRP	M	1635	1725	42
Winter	13310	INDG	1010	B	LEC	W	1435	1625	120
Winter	13311	INDG	1010	B1	GRP	R	935	1025	55
Winter	13312	INDG	1010	B2	GRP	F	1535	1625	42
Winter	13313	INDG	1010	B3	GRP	R	1435	1525	52
Winter	13314	INDG	1010	B4	GRP	F	1335	1425	42
Winter	13315	INDG	1010	B5	GRP	R	1635	1725	36
Winter	13316	INDG	1010	B6	GRP	W	1635	1725	31
Fall	33553	INDG	1011	A	LEC	M	1435	1625	134
Winter	13317	INDG	1011	A	LEC	F	1135	1325	134
Fall	33554	INDG	1011	A1	GRP	M	1635	1725	42
Winter	13318	INDG	1011	A1	GRP	F	1335	1425	35
Fall	33555	INDG	1011	A2	GRP	M	1735	1825	42
Winter	13319	INDG	1011	A2	GRP	F	1435	1525	35
Fall	33556	INDG	1011	A3	GRP	M	1635	1725	52
Winter	13320	INDG	1011	A3	GRP	F	1335	1425	56
Fall	33557	INDG	1011	A4	GRP	M	1735	1825	48
Winter	13321	INDG	1011	A4	GRP	F	1435	1525	56
Fall	33558	INDG	1011	A5	GRP	M	1635	1725	98
Winter	13322	INDG	1011	A5	GRP	F	1335	1425	51
Fall	33559	INDG	1011	A6	GRP	M	1735	1825	31
Winter	13323	INDG	1011	A6	GRP	F	1435	1525	51
Fall	33613	ISAP	1001	A	LEC	MW	1435	1555	54
Winter	13385	ISAP	1002	A	SEM	TR	1305	1425	25
Fall	33619	ITAL	1010	A	SEM	MW	1435	1625	36
Fall	33620	ITAL	1010	B	SEM	TR	1435	1625	32
Fall	33621	ITAL	1010	C	SEM	TR	1805	1955	32
Fall	33622	ITAL	1010	D	SEM	MW	1805	1955	40
Winter	13392	ITAL	1010	E	SEM	MW	935	1125	39
Winter	15680	ITAL	1010	W	SEM	TR	935	1125	32
Winter	13393	ITAL	1020	A	SEM	TR	1135	1325	39
Winter	13394	ITAL	1020	B	SEM	TR	1435	1625	39
Fall	33625	ITEC	1005	A	LEC	MW	1135	1255	120
Fall	33626	ITEC	1005	A1	TUT	M	1435	1525	60
Fall	33627	ITEC	1005	A2	TUT	W	1435	1525	60
Fall	33628	ITEC	1100	A	LEC	MW	1305	1425	108
Winter	13397	ITEC	1400	B	LEC	MW	1305	1425	108
Winter	13398	ITEC	1400	B1	TUT	M	1435	1725	120
Winter	13399	ITEC	1400	B2	TUT	W	835	1125	120
Winter	13400	ITEC	1401	A	LEC	MW	1135	1255	77
Winter	13401	ITEC	1401	A1	TUT	W	1435	1725	120
Fall	33679	JAPA	1010	A	SEM	MW	935	1125	42
Fall	33680	JAPA	1010	B	SEM	TR	935	1125	39
Fall	33681	JAPA	1010	C	SEM	TR	1435	1625	42
Fall	33682	JAPA	1010	D	SEM	MW	1805	1955	39
Winter	13441	JAPA	1010	E	SEM	TR	935	1125	42
Winter	13442	JAPA	1010	F	SEM	MW	935	1125	42
Fall	33683	JAPA	1020	A	SEM	TR	935	1125	52
Winter	13443	JAPA	1020	B	SEM	MW	935	1125	42
Winter	13444	JAPA	1020	C	SEM	TR	1805	1955	32
Winter	13445	JAPA	1020	D	SEM				
Fall	33684	JAPA	1110	A	SEM	MTRF	1135	1325	42
Fall	33690	JOUR	1001	A	LEC	R	1135	1325	108
Fall	33691	JOUR	1001	A01	GRP	R	1435	1525	20
Fall	33692	JOUR	1001	A02	GRP	R	1335	1425	20
Fall	33693	JOUR	1001	A03	GRP	R	1335	1425	31
Fall	33694	JOUR	1001	A04	GRP	R	1335	1425	48
Fall	33695	JOUR	1001	A05	GRP	R	1435	1525	52
Winter	13452	JOUR	1002	A	LEC	R	1135	1325	98
Winter	13453	JOUR	1002	A01	GRP	R	1435	1525	42
Winter	13454	JOUR	1002	A02	GRP	R	1335	1425	32
Winter	13455	JOUR	1002	A03	GRP	R	1335	1425	40
Winter	13456	JOUR	1002	A04	GRP	R	1335	1425	18
Winter	13457	JOUR	1002	A05	GRP	R	1435	1525	18
Winter	13458	JOUR	1002	A06	GRP	R	1535	1625	18
Winter	13459	JOUR	1002	A07	GRP	R	1435	1525	18
Fall	33696	JOUR	1003	A	LEC	R	1135	1425	120
Fall	33741	KORE	1010	A	SEM	WF	1135	1325	42
Fall	33742	KORE	1010	B	SEM	TR	1435	1625	42
Fall	33743	KORE	1010	C	SEM				
Fall	33744	KORE	1010	D	SEM	TR	1805	1955	36
Fall	33745	KORE	1010	E	SEM				
Winter	13502	KORE	1020	A	SEM	WF	1135	1325	42
Winter	13503	KORE	1020	B	SEM				
Winter	13504	KORE	1020	C	SEM	MW	935	1125	30
Fall	33748	LACS	1001	A	LEC	W	1135	1425	52
Fall	33752	LATN	1005	A	LEC	MW	1435	1625	52
Fall	33753	LATN	1005	B	LEC	TR	1135	1325	42
Winter	13511	LATN	1006	A	LEC	MW	1135	1325	42
Fall	33757	LAWS	1001	A	LEC	M	1435	1625	393
Fall	33758	LAWS	1001	A01	GRP	M	1635	1725	30
Fall	33759	LAWS	1001	A02	GRP	M	1735	1825	32
Fall	33760	LAWS	1001	A03	GRP	M	1635	1725	32
Fall	33761	LAWS	1001	A04	GRP	M	1735	1825	32
Fall	33762	LAWS	1001	A05	GRP	M	1635	1725	36
Fall	33763	LAWS	1001	A06	GRP	M	1735	1825	35
Fall	33764	LAWS	1001	A07	GRP	M	1635	1725	69
Fall	33765	LAWS	1001	A08	GRP	M	1735	1825	69
Fall	33766	LAWS	1001	B	LEC	F	1135	1325	393
Fall	33767	LAWS	1001	B01	GRP	F	1335	1425	29
Fall	33768	LAWS	1001	B02	GRP	F	1435	1525	29
Fall	33769	LAWS	1001	B03	GRP	F	1335	1425	52
Fall	33770	LAWS	1001	B04	GRP	F	1435	1525	32
Fall	33771	LAWS	1001	B05	GRP	F	1335	1425	32
Fall	33772	LAWS	1001	B06	GRP	F	1435	1525	36
Fall	33773	LAWS	1001	B07	GRP	F	1335	1425	36
Fall	33774	LAWS	1001	B08	GRP	F	1435	1525	39
Fall	33775	LAWS	1001	C	LEC	M	835	1125	9000
Winter	13515	LAWS	1001	D	LEC	W	835	1025	444
Winter	13516	LAWS	1001	D01	GRP	W	1035	1125	31
Winter	13517	LAWS	1001	D02	GRP	W	1135	1225	55
Winter	13518	LAWS	1001	D03	GRP	W	1035	1125	31
Winter	13519	LAWS	1001	D04	GRP	W	1135	1225	31
Winter	13520	LAWS	1001	D05	GRP	W	1035	1125	52
Winter	13521	LAWS	1001	D06	GRP	W	1135	1225	30
Winter	13522	LAWS	1001	D07	GRP	W	1035	1125	80
Winter	13523	LAWS	1001	D08	GRP	W	1135	1225	35
Fall	33776	LAWS	1002	A	LEC	R	1805	1955	331
Fall	33777	LAWS	1002	A01	GRP	R	2005	2055	40
Fall	33778	LAWS	1002	A02	GRP	R	2105	2155	40
Fall	33779	LAWS	1002	A03	GRP	R	2005	2055	41
Fall	33780	LAWS	1002	A04	GRP	R	2105	2155	41
Fall	33781	LAWS	1002	A05	GRP	R	2005	2055	52
Fall	33782	LAWS	1002	A06	GRP	R	2105	2155	52
Fall	33783	LAWS	1002	A07	GRP	R	2005	2055	55
Fall	33784	LAWS	1002	A08	GRP	R	2105	2155	55
Winter	13524	LAWS	1002	B	LEC	M	1435	1625	236
Winter	13525	LAWS	1002	B01	GRP	M	1635	1725	40
Winter	13526	LAWS	1002	B02	GRP	M	1735	1825	34
Winter	13527	LAWS	1002	B03	GRP	M	1635	1725	31
Winter	13528	LAWS	1002	B04	GRP	M	1735	1825	40
Winter	13529	LAWS	1002	B05	GRP	M	1635	1725	96
Winter	13530	LAWS	1002	B06	GRP	M	1735	1825	40
Winter	13531	LAWS	1002	B07	GRP	M	1635	1725	31
Winter	13532	LAWS	1002	B08	GRP	M	1735	1825	31
Winter	13533	LAWS	1002	C	LEC	F	1135	1325	236
Winter	13534	LAWS	1002	C01	GRP	F	1335	1425	97
Winter	13535	LAWS	1002	C02	GRP	F	1435	1525	59
Winter	13536	LAWS	1002	C03	GRP	F	1335	1425	59
Winter	13537	LAWS	1002	C04	GRP	F	1435	1525	59
Winter	13538	LAWS	1002	C05	GRP	F	1335	1425	97
Winter	13539	LAWS	1002	C06	GRP	F	1435	1525	97
Winter	13540	LAWS	1002	C07	GRP	F	1335	1425	39
Winter	13541	LAWS	1002	C08	GRP	F	1435	1525	36
Winter	13542	LAWS	1002	D	LEC	M	835	1125	9000
Fall	33873	LING	1001	A	LEC	F	1435	1625	386
Fall	33874	LING	1001	A01	TUT	F	935	1025	40
Fall	33875	LING	1001	A02	TUT	R	1335	1425	40
Fall	33876	LING	1001	A03	TUT	F	1635	1725	40
Fall	33877	LING	1001	A04	TUT	W	935	1025	59
Fall	33878	LING	1001	A05	TUT	M	1335	1425	32
Fall	33879	LING	1001	A06	TUT	M	935	1025	28
Fall	33880	LING	1001	A07	TUT	R	1135	1225	32
Fall	33881	LING	1001	A08	TUT	W	1635	1725	57
Winter	13635	LING	1001	B	LEC	T	835	1025	9000
Winter	13636	LING	1001	B01	TUT	T	1435	1525	9000
Winter	13637	LING	1001	B02	TUT	W	1135	1225	9000
Winter	13638	LING	1001	B03	TUT	R	1035	1125	9000
Winter	13639	LING	1001	B04	TUT	W	1635	1725	9000
Winter	13640	LING	1001	B05	TUT	W	1435	1525	9000
Winter	13641	LING	1001	B06	TUT	W	835	925	9000
Winter	13642	LING	1001	B07	TUT	F	935	1025	9000
Winter	13643	LING	1001	B08	TUT	T	1035	1125	9000
Winter	13644	LING	1002	A	LEC	MW	1435	1555	154
Winter	13645	LING	1100	W	LEC				9000
Fall	34019	MATH	1004	A	LEC	TR	1635	1755	236
Fall	34020	MATH	1004	A1	TUT	T	1805	1855	48
Fall	34021	MATH	1004	A2	TUT	T	1805	1855	52
Fall	34022	MATH	1004	A3	TUT	T	1805	1855	48
Fall	34023	MATH	1004	A4	TUT	T	1805	1855	52
Fall	34024	MATH	1004	A5	TUT	T	1805	1855	52
Fall	34025	MATH	1004	AT	TUT	T	1805	1855	
Fall	34026	MATH	1004	B	LEC	WF	1135	1255	236
Fall	34027	MATH	1004	B1	TUT	F	1735	1825	48
Fall	34028	MATH	1004	B2	TUT	F	1735	1825	48
Fall	34029	MATH	1004	B3	TUT	F	1735	1825	52
Fall	34030	MATH	1004	B4	TUT	F	1735	1825	56
Fall	34031	MATH	1004	B5	TUT	F	1735	1825	66
Fall	34032	MATH	1004	BT	TUT	F	1735	1825	
Fall	34033	MATH	1004	C	LEC	MW	835	955	236
Fall	34034	MATH	1004	C1	TUT	M	1135	1225	56
Fall	34035	MATH	1004	C2	TUT	M	1135	1225	48
Fall	34036	MATH	1004	C3	TUT	M	1135	1225	66
Fall	34037	MATH	1004	C4	TUT	M	1135	1225	66
Fall	34038	MATH	1004	C5	TUT	M	1135	1225	52
Fall	34039	MATH	1004	CT	TUT	M	1135	1225	
Fall	34040	MATH	1004	D	LEC	TR	1005	1125	236
Fall	34041	MATH	1004	D1	TUT	R	1735	1825	48
Fall	34042	MATH	1004	D2	TUT	R	1735	1825	48
Fall	34043	MATH	1004	D3	TUT	R	1735	1825	58
Fall	34044	MATH	1004	D4	TUT	R	1735	1825	66
Fall	34045	MATH	1004	D5	TUT	R	1735	1825	52
Fall	34046	MATH	1004	DT	TUT	R	1735	1825	
Fall	34047	MATH	1004	E	LEC	MW	1605	1725	236
Fall	34048	MATH	1004	E1	TUT	W	1335	1425	97
Fall	34049	MATH	1004	E2	TUT	W	1335	1425	51
Fall	34050	MATH	1004	E3	TUT	W	1335	1425	78
Fall	34051	MATH	1004	E4	TUT	W	1335	1425	79
Fall	34052	MATH	1004	E5	TUT	W	1335	1425	57
Fall	34053	MATH	1004	ET	TUT	W	1335	1425	
Fall	34054	MATH	1004	F	LEC	TR	1935	2055	236
Fall	34055	MATH	1004	F1	TUT	R	2105	2155	66
Fall	34056	MATH	1004	F2	TUT	R	2105	2155	54
Fall	34057	MATH	1004	F3	TUT	R	2105	2155	56
Fall	34058	MATH	1004	F4	TUT	R	2105	2155	52
Fall	34059	MATH	1004	F5	TUT	R	2105	2155	42
Fall	34060	MATH	1004	FT	TUT	R	2105	2155	
Winter	13778	MATH	1004	H	LEC	TR	835	955	204
Winter	13779	MATH	1004	H1	TUT	R	1435	1525	52
Winter	13780	MATH	1004	H2	TUT	R	1435	1525	55
Winter	13781	MATH	1004	H3	TUT	R	1435	1525	67
Winter	13782	MATH	1004	H4	TUT	R	1435	1525	66
Winter	13783	MATH	1004	HT	TUT	R	1435	1525	
Fall	34061	MATH	1005	A	LEC	WF	1005	1125	331
Fall	34062	MATH	1005	A1	TUT	W	1735	1825	67
Fall	34063	MATH	1005	A2	TUT	W	1735	1825	78
Fall	34064	MATH	1005	A3	TUT	W	1735	1825	78
Fall	34065	MATH	1005	A4	TUT	W	1735	1825	78
Fall	34066	MATH	1005	A5	TUT	W	1735	1825	79
Fall	34067	MATH	1005	AT	TUT	W	1735	1825	
Fall	34068	MATH	1005	B	LEC	MW	1135	1255	236
Fall	34069	MATH	1005	B1	TUT	M	1435	1525	52
Fall	34070	MATH	1005	B2	TUT	M	1435	1525	80
Fall	34071	MATH	1005	B3	TUT	M	1435	1525	96
Fall	34072	MATH	1005	B4	TUT	M	1435	1525	79
Fall	34073	MATH	1005	B5	TUT	M	1435	1525	94
Fall	34074	MATH	1005	BT	TUT	M	1435	1525	
Fall	34075	MATH	1005	C	LEC	TR	835	955	236
Fall	34076	MATH	1005	C1	TUT	R	1335	1425	48
Fall	34077	MATH	1005	C2	TUT	R	1335	1425	84
Fall	34078	MATH	1005	C3	TUT	R	1335	1425	52
Fall	34079	MATH	1005	C4	TUT	R	1335	1425	96
Fall	34080	MATH	1005	C5	TUT	R	1335	1425	76
Fall	34081	MATH	1005	CT	TUT	R	1335	1425	
Fall	34082	MATH	1005	D	LEC	TR	1435	1555	236
Fall	34083	MATH	1005	D1	TUT	R	1735	1825	52
Fall	34084	MATH	1005	D2	TUT	R	1735	1825	52
Fall	34085	MATH	1005	D3	TUT	R	1735	1825	63
Fall	34086	MATH	1005	D4	TUT	R	1735	1825	58
Fall	34087	MATH	1005	D5	TUT	R	1735	1825	56
Fall	34088	MATH	1005	DT	TUT	R	1735	1825	
Fall	34089	MATH	1005	E	LEC	MW	1805	1925	236
Fall	34090	MATH	1005	E1	TUT	W	1935	2025	48
Fall	34091	MATH	1005	E2	TUT	W	1935	2025	48
Fall	34092	MATH	1005	E3	TUT	W	1935	2025	52
Fall	34093	MATH	1005	E4	TUT	W	1935	2025	52
Fall	34094	MATH	1005	E5	TUT	W	1935	2025	58
Fall	34095	MATH	1005	ET	TUT	W	1935	2025	
Fall	34096	MATH	1005	F	LEC	TR	1935	2055	204
Fall	34097	MATH	1005	F1	TUT	R	2105	2155	48
Fall	34098	MATH	1005	F2	TUT	R	2105	2155	48
Fall	34099	MATH	1005	F3	TUT	R	2105	2155	52
Fall	34100	MATH	1005	F4	TUT	R	2105	2155	52
Fall	34101	MATH	1005	F5	TUT	R	2105	2155	58
Fall	34102	MATH	1005	FT	TUT	R	2105	2155	
Winter	13784	MATH	1005	G	LEC	MW	1635	1755	204
Winter	13785	MATH	1005	G1	TUT	M	1805	1855	48
Winter	13786	MATH	1005	G2	TUT	M	1805	1855	48
Winter	13787	MATH	1005	G3	TUT	M	1805	1855	52
Winter	13788	MATH	1005	G4	TUT	M	1805	1855	52
Winter	13789	MATH	1005	G5	TUT	M	1805	1855	58
Winter	13790	MATH	1005	GT	TUT	M	1805	1855	
Fall	34103	MATH	1007	A	LEC	WF	835	955	393
Fall	34104	MATH	1007	A1	TUT	F	1135	1225	48
Fall	34105	MATH	1007	A2	TUT	F	1135	1225	52
Fall	34106	MATH	1007	A3	TUT	F	1135	1225	51
Fall	34107	MATH	1007	A4	TUT	F	1135	1225	52
Fall	34108	MATH	1007	AT	TUT	F	1135	1225	
Fall	34109	MATH	1007	B	LEC	MW	1005	1125	236
Fall	34110	MATH	1007	B1	TUT	M	1435	1525	58
Fall	34111	MATH	1007	B2	TUT	M	1435	1525	66
Fall	34112	MATH	1007	B3	TUT	M	1435	1525	154
Fall	34113	MATH	1007	B4	TUT	M	1435	1525	52
Fall	34114	MATH	1007	B5	TUT	M	1435	1525	48
Fall	34115	MATH	1007	BT	TUT	M	1435	1525	
Fall	34116	MATH	1007	C	LEC	TR	835	955	204
Fall	34117	MATH	1007	C1	TUT	R	1035	1125	56
Fall	34118	MATH	1007	C2	TUT	R	1035	1125	52
Fall	34119	MATH	1007	C3	TUT	R	1035	1125	58
Fall	34120	MATH	1007	C4	TUT	R	1035	1125	79
Fall	34121	MATH	1007	CT	TUT	R	1035	1125	
Fall	34122	MATH	1007	D	LEC	WF	1435	1555	285
Fall	34123	MATH	1007	D1	TUT	F	1635	1725	48
Fall	34124	MATH	1007	D2	TUT	F	1635	1725	58
Fall	34125	MATH	1007	D3	TUT	F	1635	1725	52
Fall	34126	MATH	1007	D4	TUT	F	1635	1725	48
Fall	34127	MATH	1007	DT	TUT	F	1635	1725	
Fall	34128	MATH	1007	E	LEC	TR	1805	1925	204
Fall	34129	MATH	1007	E1	TUT	R	1935	2025	48
Fall	34130	MATH	1007	E2	TUT	R	1935	2025	52
Fall	34131	MATH	1007	E3	TUT	R	1935	2025	58
Fall	34132	MATH	1007	E4	TUT	R	1935	2025	48
Fall	34133	MATH	1007	E5	TUT	R	1935	2025	56
Fall	34134	MATH	1007	ET	TUT	R	1935	2025	
Fall	34135	MATH	1007	F	LEC	TR	1305	1425	236
Fall	34136	MATH	1007	F1	TUT	T	1435	1525	52
Fall	34137	MATH	1007	F2	TUT	T	1435	1525	48
Fall	34138	MATH	1007	F3	TUT	T	1435	1525	52
Fall	34139	MATH	1007	F4	TUT	T	1435	1525	58
Fall	34140	MATH	1007	FT	TUT	T	1435	1525	
Winter	13791	MATH	1007	G	LEC	MW	835	955	204
Winter	13792	MATH	1007	G1	TUT	W	1635	1725	58
Winter	13793	MATH	1007	G2	TUT	W	1635	1725	84
Winter	13794	MATH	1007	G3	TUT	W	1635	1725	52
Winter	13795	MATH	1007	G4	TUT	W	1635	1725	54
Winter	13796	MATH	1007	GT	TUT	W	1635	1725	
Winter	13797	MATH	1007	H	LEC	TR	1005	1125	204
Winter	13798	MATH	1007	H1	TUT	R	1335	1425	56
Winter	13799	MATH	1007	H2	TUT	R	1335	1425	69
Winter	13800	MATH	1007	H3	TUT	R	1335	1425	58
Winter	13801	MATH	1007	H4	TUT	R	1335	1425	56
Winter	13802	MATH	1007	HT	TUT	R	1335	1425	
Winter	13803	MATH	1007	I	LEC	TR	1435	1555	96
Winter	13804	MATH	1007	I1	TUT	R	1805	1855	52
Winter	13805	MATH	1007	I2	TUT	R	1805	1855	66
Winter	13806	MATH	1007	I3	TUT	R	1805	1855	56
Winter	13807	MATH	1007	I4	TUT	R	1805	1855	55
Winter	13808	MATH	1007	IT	TUT	R	1805	1855	
Fall	34141	MATH	1009	A	LEC	MW	1305	1425	331
Fall	34142	MATH	1009	A1	TUT	W	1135	1225	57
Fall	34143	MATH	1009	A2	TUT	W	1135	1225	78
Fall	34144	MATH	1009	A3	TUT	W	1135	1225	96
Fall	34145	MATH	1009	A4	TUT	W	1135	1225	98
Fall	34146	MATH	1009	A5	TUT	W	1135	1225	56
Fall	34147	MATH	1009	AT	TUT	W	1135	1225	
Fall	34148	MATH	1009	B	LEC	TR	835	955	204
Fall	34149	MATH	1009	B1	TUT	T	1335	1425	55
Fall	34150	MATH	1009	B2	TUT	T	1335	1425	48
Fall	34151	MATH	1009	B3	TUT	T	1335	1425	79
Fall	34152	MATH	1009	B4	TUT	T	1335	1425	42
Fall	34153	MATH	1009	BT	TUT	T	1335	1425	
Winter	13809	MATH	1009	C	LEC	TR	1635	1755	236
Winter	13810	MATH	1009	C1	TUT	R	1805	1855	63
Winter	13811	MATH	1009	C2	TUT	R	1805	1855	67
Winter	13812	MATH	1009	C3	TUT	R	1805	1855	51
Winter	13813	MATH	1009	C4	TUT	R	1805	1855	69
Winter	13814	MATH	1009	CT	TUT	R	1805	1855	
Fall	34154	MATH	1052	A	LEC	TR	1005	1125	151
Fall	34155	MATH	1052	A1	TUT	R	1305	1425	78
Fall	34156	MATH	1052	A2	TUT	R	1305	1425	51
Fall	34157	MATH	1052	A3	TUT	R	1305	1425	79
Fall	34158	MATH	1052	AT	TUT	R	1305	1425	
Fall	34159	MATH	1104	A	LEC	TR	1435	1555	236
Fall	34160	MATH	1104	A1	TUT	R	1035	1125	52
Fall	34161	MATH	1104	A2	TUT	R	1035	1125	58
Fall	34162	MATH	1104	A3	TUT	R	1035	1125	66
Fall	34163	MATH	1104	A4	TUT	R	1035	1125	42
Fall	34164	MATH	1104	A5	TUT	R	1035	1125	40
Fall	34165	MATH	1104	AT	TUT	R	1035	1125	
Fall	34166	MATH	1104	B	LEC	MW	1635	1755	236
Fall	34167	MATH	1104	B1	TUT	W	1805	1855	48
Fall	34168	MATH	1104	B2	TUT	W	1805	1855	52
Fall	34169	MATH	1104	B3	TUT	W	1805	1855	58
Fall	34170	MATH	1104	B4	TUT	W	1805	1855	66
Fall	34171	MATH	1104	B5	TUT	W	1805	1855	48
Fall	34172	MATH	1104	BT	TUT	W	1805	1855	
Winter	13815	MATH	1104	C	LEC	TR	1435	1555	236
Winter	13816	MATH	1104	C1	TUT	R	1335	1425	48
Winter	13817	MATH	1104	C2	TUT	R	1335	1425	52
Winter	13818	MATH	1104	C3	TUT	R	1335	1425	58
Winter	13819	MATH	1104	C4	TUT	R	1335	1425	98
Winter	13820	MATH	1104	C5	TUT	R	1335	1425	84
Winter	13821	MATH	1104	CT	TUT	R	1335	1425	
Winter	13822	MATH	1104	D	LEC	WF	1605	1725	236
Winter	13823	MATH	1104	D1	TUT	W	1735	1825	58
Winter	13824	MATH	1104	D2	TUT	W	1735	1825	52
Winter	13825	MATH	1104	D3	TUT	W	1735	1825	52
Winter	13826	MATH	1104	D4	TUT	W	1735	1825	56
Winter	13827	MATH	1104	D5	TUT	W	1735	1825	55
Winter	13828	MATH	1104	DT	TUT	W	1735	1825	
Winter	13829	MATH	1104	E	LEC	WF	1135	1255	386
Winter	13830	MATH	1104	E1	TUT	F	1335	1425	48
Winter	13831	MATH	1104	E2	TUT	F	1335	1425	52
Winter	13832	MATH	1104	E3	TUT	F	1335	1425	79
Winter	13833	MATH	1104	E4	TUT	F	1335	1425	52
Winter	13834	MATH	1104	E5	TUT	F	1335	1425	58
Winter	13835	MATH	1104	ET	TUT	F	1335	1425	
Winter	13836	MATH	1104	F	LEC	MW	835	955	236
Winter	13837	MATH	1104	F1	TUT	M	1435	1525	98
Winter	13838	MATH	1104	F2	TUT	M	1435	1525	94
Winter	13839	MATH	1104	F3	TUT	M	1435	1525	57
Winter	13840	MATH	1104	F4	TUT	M	1435	1525	67
Winter	13841	MATH	1104	F5	TUT	M	1435	1525	58
Winter	13842	MATH	1104	FT	TUT	M	1435	1525	
Winter	13843	MATH	1104	G	LEC	MW	1805	1925	236
Winter	13844	MATH	1104	G1	TUT	M	1935	2025	48
Winter	13845	MATH	1104	G2	TUT	M	1935	2025	48
Winter	13846	MATH	1104	G3	TUT	M	1935	2025	52
Winter	13847	MATH	1104	G4	TUT	M	1935	2025	58
Winter	13848	MATH	1104	G5	TUT	M	1935	2025	66
Winter	13849	MATH	1104	GT	TUT	M	1935	2025	
Winter	13850	MATH	1104	H	LEC	TR	1935	2055	236
Winter	13851	MATH	1104	H1	TUT	R	2105	2155	48
Winter	13852	MATH	1104	H2	TUT	R	2105	2155	48
Winter	13853	MATH	1104	H3	TUT	R	2105	2155	52
Winter	13854	MATH	1104	H4	TUT	R	2105	2155	58
Winter	13855	MATH	1104	H5	TUT	R	2105	2155	66
Winter	13856	MATH	1104	HT	TUT	R	2105	2155	
Winter	13857	MATH	1104	I	LEC	MW	1935	2055	204
Winter	13858	MATH	1104	I1	TUT	W	2105	2155	48
Winter	13859	MATH	1104	I2	TUT	W	2105	2155	48
Winter	13860	MATH	1104	I3	TUT	W	2105	2155	52
Winter	13861	MATH	1104	I4	TUT	W	2105	2155	52
Winter	13862	MATH	1104	I5	TUT	W	2105	2155	58
Winter	13863	MATH	1104	IT	TUT	W	2105	2155	
Winter	13864	MATH	1104	J	LEC	TR	1005	1125	236
Winter	13865	MATH	1104	J1	TUT	T	835	925	48
Winter	13866	MATH	1104	J2	TUT	T	835	925	52
Winter	13867	MATH	1104	J3	TUT	T	835	925	52
Winter	13868	MATH	1104	J4	TUT	T	835	925	63
Winter	13869	MATH	1104	J5	TUT	T	835	925	67
Winter	13870	MATH	1104	JT	TUT	T	835	925	
Winter	13871	MATH	1107	A	LEC	MW	1135	1255	108
Winter	13872	MATH	1107	A1	TUT	M	1335	1425	56
Winter	13873	MATH	1107	A2	TUT	M	1335	1425	52
Winter	13874	MATH	1107	A3	TUT	M	1335	1425	96
Winter	13875	MATH	1107	A4	TUT	M	1335	1425	78
Winter	13876	MATH	1107	A5	TUT	M	1335	1425	48
Winter	13877	MATH	1107	AT	TUT	M	1335	1425	
Winter	13878	MATH	1107	B	LEC	TR	1305	1425	204
Winter	13879	MATH	1107	B1	TUT	R	1535	1625	48
Winter	13880	MATH	1107	B2	TUT	R	1535	1625	52
Winter	13881	MATH	1107	B3	TUT	R	1535	1625	58
Winter	13882	MATH	1107	B4	TUT	R	1535	1625	67
Winter	13883	MATH	1107	BT	TUT	R	1535	1625	
Winter	13884	MATH	1107	C	LEC	TR	1805	1925	204
Winter	13885	MATH	1107	C1	TUT	R	1935	2025	48
Winter	13886	MATH	1107	C2	TUT	R	1935	2025	48
Winter	13887	MATH	1107	C3	TUT	R	1935	2025	52
Winter	13888	MATH	1107	C4	TUT	R	1935	2025	58
Winter	13889	MATH	1107	CT	TUT	R	1935	2025	
Fall	34173	MATH	1107	E	LEC	TR	1305	1425	204
Fall	34174	MATH	1107	E1	TUT	T	1435	1525	52
Fall	34175	MATH	1107	E2	TUT	T	1435	1525	55
Fall	34176	MATH	1107	E3	TUT	T	1435	1525	58
Fall	34177	MATH	1107	E4	TUT	T	1435	1525	42
Fall	34178	MATH	1107	ET	TUT	T	1435	1525	
Fall	34179	MATH	1107	F	LEC	WF	1135	1255	204
Fall	34180	MATH	1107	F1	TUT	F	1435	1525	48
Fall	34181	MATH	1107	F2	TUT	F	1435	1525	52
Fall	34182	MATH	1107	F3	TUT	F	1435	1525	52
Fall	34183	MATH	1107	F4	TUT	F	1435	1525	66
Fall	34184	MATH	1107	FT	TUT	F	1435	1525	
Fall	34185	MATH	1152	A	LEC	TR	1435	1555	98
Fall	34186	MATH	1152	A1	TUT	T	1735	1855	76
Fall	34187	MATH	1152	A2	TUT	T	1735	1855	58
Fall	34188	MATH	1152	A3	TUT	T	1735	1855	63
Fall	34189	MATH	1152	AT	TUT	T	1735	1855	
Fall	34358	MPAD	1001	A	LEC	R	1135	1425	66
Fall	34359	MPAD	1001	B	LEC				
Winter	14080	MPAD	1002	A	WKS	T	1805	2055	66
Winter	14081	MPAD	1002	B	WKS	R	1135	1425	66
Fall	34373	MUSI	1000	A	LEC	WF	1135	1255	75
Fall	34374	MUSI	1001	A	LEC				
Winter	14093	MUSI	1001	B	LEC	R	1435	1725	79
Fall	34375	MUSI	1002	A	LEC	M	1135	1425	348
Winter	14094	MUSI	1003	B	LEC	W	1435	1725	151
Fall	34376	MUSI	1107	A	LEC	TR	835	955	75
Fall	34377	MUSI	1700	A	LEC	WF	1305	1425	75
Winter	14095	MUSI	1701	B	LEC	TR	1135	1255	75
Fall	34378	MUSI	1711	A	LEC	MW	1005	1125	75
Winter	14096	MUSI	1720	B	LEC	M	1435	1725	75
Fall	34527	NEUR	1202	A	LEC	MW	1135	1255	393
Fall	34528	NEUR	1202	B	LEC	TR	1005	1125	348
Winter	14232	NEUR	1203	A	LEC	TR	1005	1125	393
Winter	14233	NEUR	1203	B	LEC	MW	1605	1725	444
Fall	34575	NSCI	1000	A	SEM	TR	1005	1125	58
Winter	14281	NSCI	1000	A	SEM	MW	1005	1125	54
Fall	34576	NSCI	1000	B	SEM				
Fall	34577	NSCI	1000	W01	WKS	F	1305	1425	57
Winter	14282	NSCI	1000	W01	WKS	F	1305	1425	52
Fall	34626	PADM	1501	O	LEC				
Winter	14328	PADM	1501	O	LEC				
Winter	14329	PADM	1502	W	OTH				
Fall	34675	PAPM	1001	A	LEC	R	1135	1325	134
Fall	34676	PAPM	1001	A1	TUT	W	1235	1325	24
Fall	34677	PAPM	1001	A2	TUT	W	1135	1225	24
Fall	34678	PAPM	1001	A3	TUT	R	1335	1425	134
Fall	34679	PAPM	1001	A4	TUT	W	1535	1625	24
Fall	34680	PAPM	1001	A5	TUT	F	1035	1125	24
Fall	34681	PAPM	1001	A6	TUT				
Fall	34706	PHIL	1000	A	LEC	MW	1305	1425	9000
Winter	14394	PHIL	1000	B	LEC	MW	1435	1555	444
Fall	34707	PHIL	1200	A	LEC	MW	1135	1255	285
Winter	14395	PHIL	1200	A	LEC	MW	1605	1725	9000
Fall	34708	PHIL	1301	A	LEC	TR	1005	1125	9000
Winter	14396	PHIL	1301	B	LEC	TR	1305	1425	386
Fall	34709	PHIL	1550	A	LEC	TR	1435	1555	444
Winter	14397	PHIL	1550	B	LEC	MW	1135	1255	9000
Fall	34710	PHIL	1610	A	LEC	TR	835	955	133
Winter	14398	PHIL	1700	A	LEC	MW	1005	1125	9000
Fall	34764	PHYS	1001	A	LEC	TR	835	955	96
Fall	34765	PHYS	1001	A1	LAB	W	1305	1555	30
Fall	34766	PHYS	1001	A2	LAB	M	1305	1555	30
Fall	34767	PHYS	1001	A3	LAB	F	1305	1555	30
Fall	34768	PHYS	1001	A4	LAB	T	1305	1555	30
Winter	14451	PHYS	1002	A	LEC	WF	835	955	115
Winter	14452	PHYS	1002	A1	LAB	M	1305	1555	30
Winter	14453	PHYS	1002	A2	LAB	R	835	1125	30
Winter	14454	PHYS	1002	A3	LAB	W	1305	1555	30
Fall	34769	PHYS	1003	A	LEC	WF	1435	1555	192
Fall	34770	PHYS	1003	A1	LAB	M	1305	1555	70
Fall	34771	PHYS	1003	A2	LAB	T	835	1125	70
Fall	34772	PHYS	1003	A3	LAB	R	1305	1555	70
Fall	34773	PHYS	1004	A	LEC	WF	1605	1725	192
Winter	14455	PHYS	1004	A	LEC	TR	1605	1725	393
Fall	34774	PHYS	1004	A1	LAB	T	1305	1555	70
Fall	34775	PHYS	1004	A2	LAB	W	1305	1555	70
Fall	34776	PHYS	1004	A3	LAB	R	835	1125	70
Winter	14456	PHYS	1004	B	LEC	TR	1805	1925	386
Winter	14457	PHYS	1004	C	LEC	MW	1605	1725	386
Winter	14458	PHYS	1004	L1A	LAB	W	1305	1555	70
Winter	14459	PHYS	1004	L1B	LAB	W	1305	1555	98
Winter	14460	PHYS	1004	L1C	LAB	R	835	1125	70
Winter	14461	PHYS	1004	L1D	LAB	R	835	1125	98
Winter	14462	PHYS	1004	L2A	LAB	M	1305	1555	70
Winter	14463	PHYS	1004	L2B	LAB	M	1305	1555	98
Winter	14464	PHYS	1004	L2C	LAB	F	1305	1555	70
Winter	14465	PHYS	1004	L2D	LAB	F	1305	1555	98
Winter	14466	PHYS	1004	L3A	LAB	F	835	1125	70
Winter	14467	PHYS	1004	L3B	LAB	F	835	1125	98
Winter	14468	PHYS	1004	L4A	LAB	M	835	1125	70
Winter	14469	PHYS	1004	L4B	LAB	M	835	1125	98
Winter	14470	PHYS	1004	L5A	LAB	R	1305	1555	70
Winter	14471	PHYS	1004	L5B	LAB	R	1305	1555	98
Winter	14472	PHYS	1004	L6A	LAB	T	835	1125	70
Winter	14473	PHYS	1004	L6B	LAB	T	835	1125	98
Winter	14474	PHYS	1004	L7A	LAB	W	835	1125	70
Winter	14475	PHYS	1004	L7B	LAB	W	835	1125	98
Winter	14476	PHYS	1004	L8A	LAB	T	1305	1555	70
Winter	14477	PHYS	1004	L8B	LAB	T	1305	1555	98
Fall	34777	PHYS	1007	A	LEC	MW	835	955	386
Fall	34778	PHYS	1007	B	LEC	MW	1805	1925	386
Fall	34779	PHYS	1007	L1	LAB	T	1305	1555	70
Fall	34780	PHYS	1007	L10	LAB	W	835	1125	70
Fall	34781	PHYS	1007	L2	LAB	T	835	1125	70
Fall	34782	PHYS	1007	L3	LAB	W	1305	1555	70
Fall	34783	PHYS	1007	L4	LAB	F	835	1125	70
Fall	34784	PHYS	1007	L5	LAB	R	1305	1555	70
Fall	34785	PHYS	1007	L6	LAB	R	835	1125	70
Fall	34786	PHYS	1007	L7	LAB	F	1435	1725	70
Fall	34787	PHYS	1007	L8	LAB	M	1305	1555	70
Fall	34788	PHYS	1007	L9	LAB	M	835	1125	70
Winter	14478	PHYS	1008	A	LEC	WF	1305	1425	148
Winter	14479	PHYS	1008	B	LEC	MW	1605	1725	154
Winter	14480	PHYS	1008	L1	LAB	R	835	1125	70
Winter	14481	PHYS	1008	L2	LAB	R	1305	1555	70
Winter	14482	PHYS	1008	L3	LAB	F	835	1125	70
Winter	14483	PHYS	1008	L4	LAB	W	835	1125	70
Winter	14484	PHYS	1008	L5	LAB	T	835	1125	70
Winter	14485	PHYS	1008	L6	LAB	T	1305	1555	70
Winter	14486	PHYS	1008	L7	LAB	W	1305	1555	70
Fall	34841	PSCI	1100	A	LEC	F	1135	1325	285
Fall	34842	PSCI	1100	A01	TUT	F	1035	1125	40
Fall	34843	PSCI	1100	A02	TUT	F	1035	1125	29
Fall	34844	PSCI	1100	A03	TUT	F	1035	1125	57
Fall	34845	PSCI	1100	A04	TUT	F	1035	1125	40
Fall	34846	PSCI	1100	A05	TUT	F	1035	1125	34
Fall	34847	PSCI	1100	A06	TUT	F	1035	1125	41
Fall	34848	PSCI	1100	A07	TUT	F	1335	1425	18
Fall	34849	PSCI	1100	A08	TUT	F	1335	1425	20
Fall	34850	PSCI	1100	A09	TUT	F	1335	1425	23
Fall	34851	PSCI	1100	A10	TUT	F	1335	1425	41
Fall	34852	PSCI	1100	A11	TUT	F	1335	1425	42
Fall	34853	PSCI	1100	A12	TUT	F	1335	1425	42
Fall	34854	PSCI	1100	A13	TUT	F	1335	1425	48
Winter	14541	PSCI	1100	B	LEC	T	1435	1625	331
Winter	14542	PSCI	1100	B01	TUT	T	1335	1425	27
Winter	14543	PSCI	1100	B02	TUT	T	1335	1425	27
Winter	14544	PSCI	1100	B03	TUT	T	1335	1425	23
Winter	14545	PSCI	1100	B04	TUT	T	1335	1425	79
Winter	14546	PSCI	1100	B05	TUT	T	1335	1425	56
Winter	14547	PSCI	1100	B06	TUT	T	1335	1425	56
Winter	14548	PSCI	1100	B07	TUT	T	1635	1725	31
Winter	14549	PSCI	1100	B08	TUT	T	1635	1725	42
Winter	14550	PSCI	1100	B09	TUT	T	1635	1725	23
Winter	14551	PSCI	1100	B10	TUT	T	1635	1725	27
Winter	14552	PSCI	1100	B11	TUT	T	1635	1725	42
Winter	14553	PSCI	1100	B12	TUT	T	1635	1725	48
Winter	14554	PSCI	1100	B13	TUT	T	1635	1725	40
Fall	34855	PSCI	1200	A	LEC	M	1135	1325	386
Fall	34856	PSCI	1200	A01	TUT	M	1335	1425	27
Fall	34857	PSCI	1200	A02	TUT	M	1335	1425	27
Fall	34858	PSCI	1200	A03	TUT	M	1335	1425	27
Fall	34859	PSCI	1200	A04	TUT	M	1335	1425	18
Fall	34860	PSCI	1200	A05	TUT	M	1335	1425	20
Fall	34861	PSCI	1200	A06	TUT	M	1335	1425	23
Fall	34862	PSCI	1200	A07	TUT	M	1035	1125	30
Fall	34863	PSCI	1200	A08	TUT	M	1035	1125	20
Fall	34864	PSCI	1200	A09	TUT	M	1035	1125	28
Fall	34865	PSCI	1200	A10	TUT	M	1035	1125	23
Fall	34866	PSCI	1200	A11	TUT	M	1035	1125	40
Fall	34867	PSCI	1200	A12	TUT	M	1035	1125	40
Fall	34868	PSCI	1200	A13	TUT	M	1035	1125	51
Winter	14555	PSCI	1200	B	LEC	W	1235	1425	9000
Winter	14556	PSCI	1200	B01	TUT	W	1435	1525	9000
Winter	14557	PSCI	1200	B02	TUT	W	1435	1525	9000
Winter	14558	PSCI	1200	B03	TUT	W	1435	1525	9000
Winter	14559	PSCI	1200	B04	TUT	W	1435	1525	9000
Winter	14560	PSCI	1200	B05	TUT	W	1435	1525	9000
Winter	14561	PSCI	1200	B06	TUT	W	1435	1525	9000
Winter	14562	PSCI	1200	B07	TUT	W	1535	1625	9000
Winter	14563	PSCI	1200	B08	TUT	W	1535	1625	9000
Winter	14564	PSCI	1200	B09	TUT	W	1535	1625	9000
Winter	14565	PSCI	1200	B10	TUT	W	1535	1625	9000
Winter	14566	PSCI	1200	B11	TUT	W	1535	1625	9000
Winter	14567	PSCI	1200	B12	TUT	W	1535	1625	9000
Winter	14568	PSCI	1200	B13	TUT	W	1535	1625	9000
Winter	14569	PSCI	1500	B	LEC	R	1535	1725	120
Winter	14570	PSCI	1500	B01	TUT	T	1035	1125	23
Winter	14571	PSCI	1500	B02	TUT	T	1035	1125	20
Winter	14572	PSCI	1500	B03	TUT	T	1035	1125	39
Winter	14573	PSCI	1500	B04	TUT	T	1135	1225	23
Winter	14574	PSCI	1500	B05	TUT	T	1135	1225	42
Winter	14575	PSCI	1500	B06	TUT	T	1135	1225	40
Fall	34996	PSYC	1001	A	LEC	WF	1005	1125	154
Fall	34997	PSYC	1001	B	LEC	MW	1305	1425	120
Fall	34998	PSYC	1001	C	LEC	TR	1005	1125	393
Fall	34999	PSYC	1001	D	LEC	WF	835	955	444
Fall	35000	PSYC	1001	E	LEC	T	1805	2055	9000
Fall	35001	PSYC	1001	F	LEC	R	1805	2055	285
Fall	35002	PSYC	1001	G	LEC	M	1435	1725	444
Fall	35003	PSYC	1001	H	LEC				9000
Winter	14691	PSYC	1001	J	LEC	T	1805	2055	285
Fall	35004	PSYC	1001	K	LEC	W	1805	2055	204
Winter	14692	PSYC	1001	L	LEC	W	835	1125	9000
Fall	35005	PSYC	1001	M	LEC	R	1435	1725	393
Winter	14693	PSYC	1002	A	LEC	MW	1005	1125	204
Winter	14694	PSYC	1002	B	LEC	TR	1005	1125	151
Winter	14695	PSYC	1002	C	LEC	TR	1305	1425	236
Fall	35006	PSYC	1002	D	LEC	M	835	1125	331
Winter	14696	PSYC	1002	E	LEC	WF	1435	1555	236
Winter	14697	PSYC	1002	F	LEC	W	1805	2055	9000
Winter	14698	PSYC	1002	G	LEC	M	1805	2055	285
Winter	14699	PSYC	1002	H	LEC	T	1805	2055	331
Winter	14700	PSYC	1002	J	LEC	F	835	1125	236
Winter	14701	PSYC	1002	K	LEC	M	1435	1725	9000
Fall	35007	PSYC	1002	L	LEC	W	1435	1725	331
Fall	35008	PSYC	1002	M	LEC				9000
Fall	35133	RELI	1010	A	TUT				
Winter	14826	RELI	1010	A	TUT				
Fall	35134	RELI	1710	A	LEC				9000
Winter	14827	RELI	1712	B	LEC	MW	1005	1125	9000
Winter	14828	RELI	1731	B	LEC	MW	835	955	93
Winter	14829	RELI	1741	B	LEC	T	1135	1255	59
Fall	35161	RUSS	1010	A	SEM	TR	935	1125	42
Fall	35162	RUSS	1010	B	SEM				
Winter	14854	RUSS	1020	A	SEM	TR	935	1125	9000
Fall	35169	SOCI	1001	A	LEC	M	835	1025	444
Fall	35170	SOCI	1001	A01	GRP	M	1035	1125	31
Fall	35171	SOCI	1001	A02	GRP	M	1035	1125	31
Fall	35172	SOCI	1001	A03	GRP	M	1035	1125	31
Fall	35173	SOCI	1001	A04	GRP	M	1035	1125	32
Fall	35174	SOCI	1001	A05	GRP	M	1035	1125	32
Fall	35175	SOCI	1001	A06	GRP	M	1035	1125	29
Fall	35176	SOCI	1001	A07	GRP	M	1035	1125	35
Fall	35177	SOCI	1001	A08	GRP				
Fall	35178	SOCI	1001	A09	GRP	M	1135	1225	40
Fall	35179	SOCI	1001	A10	GRP	M	1135	1225	27
Fall	35180	SOCI	1001	A11	GRP	M	1135	1225	41
Fall	35181	SOCI	1001	A12	GRP	M	1135	1225	40
Fall	35182	SOCI	1001	A13	GRP	M	1135	1225	42
Fall	35183	SOCI	1001	A14	GRP	M	1135	1225	52
Fall	35184	SOCI	1001	A15	GRP	M	1135	1225	16
Fall	35185	SOCI	1001	A16	GRP				
Fall	35186	SOCI	1001	B	LEC	T	935	1125	444
Fall	35187	SOCI	1001	B01	GRP	T	1135	1225	57
Fall	35188	SOCI	1001	B02	GRP	T	1135	1225	52
Fall	35189	SOCI	1001	B03	GRP	T	1135	1225	40
Fall	35190	SOCI	1001	B04	GRP	T	1135	1225	48
Fall	35191	SOCI	1001	B05	GRP	T	1135	1225	47
Fall	35192	SOCI	1001	B06	GRP	T	1135	1225	25
Fall	35193	SOCI	1001	B07	GRP				
Fall	35194	SOCI	1001	B08	GRP				
Fall	35195	SOCI	1001	B09	GRP	T	1235	1325	40
Fall	35196	SOCI	1001	B10	GRP	T	1235	1325	48
Fall	35197	SOCI	1001	B11	GRP	T	1235	1325	27
Fall	35198	SOCI	1001	B12	GRP	T	1235	1325	66
Fall	35199	SOCI	1001	B13	GRP	T	1235	1325	26
Fall	35200	SOCI	1001	B14	GRP	T	1235	1325	47
Fall	35201	SOCI	1001	B15	GRP				
Fall	35202	SOCI	1001	B16	GRP				
Fall	35203	SOCI	1001	C	LEC	R	1805	1955	393
Fall	35204	SOCI	1001	C01	GRP	R	2005	2055	58
Fall	35205	SOCI	1001	C02	GRP	R	2005	2055	67
Fall	35206	SOCI	1001	C03	GRP	R	2005	2055	59
Fall	35207	SOCI	1001	C04	GRP	R	2005	2055	63
Fall	35208	SOCI	1001	C05	GRP	R	2005	2055	66
Fall	35209	SOCI	1001	C06	GRP				
Fall	35210	SOCI	1001	C07	GRP				
Winter	14862	SOCI	1001	E	LEC	T	1435	1625	444
Winter	14863	SOCI	1001	E01	GRP	T	1635	1725	40
Winter	14864	SOCI	1001	E02	GRP	T	1635	1725	35
Winter	14865	SOCI	1001	E03	GRP	T	1635	1725	52
Winter	14866	SOCI	1001	E04	GRP	T	1735	1825	40
Winter	14867	SOCI	1001	E05	GRP	T	1735	1825	35
Winter	14868	SOCI	1001	E06	GRP	T	1735	1825	56
Fall	35211	SOCI	1002	A	LEC	W	1435	1625	444
Fall	35212	SOCI	1002	A01	GRP	W	1635	1725	67
Fall	35213	SOCI	1002	A02	GRP	W	1635	1725	52
Fall	35214	SOCI	1002	A03	GRP				
Fall	35215	SOCI	1002	A04	GRP	W	1735	1825	30
Fall	35216	SOCI	1002	A05	GRP	W	1735	1825	32
Fall	35217	SOCI	1002	A06	GRP				
Winter	14869	SOCI	1002	B	LEC	M	935	1125	444
Winter	14870	SOCI	1002	B01	GRP	M	1135	1225	31
Winter	14871	SOCI	1002	B02	GRP	M	1135	1225	30
Winter	14872	SOCI	1002	B03	GRP	M	1135	1225	56
Winter	14873	SOCI	1002	B04	GRP	M	1135	1225	42
Winter	14874	SOCI	1002	B05	GRP	M	1135	1225	28
Winter	14875	SOCI	1002	B06	GRP	M	1135	1225	54
Winter	14876	SOCI	1002	B07	GRP	M	1135	1225	35
Winter	14877	SOCI	1002	B08	GRP	M	1135	1225	35
Winter	14878	SOCI	1002	B09	GRP	M	1235	1325	42
Winter	14879	SOCI	1002	B10	GRP	M	1235	1325	28
Winter	14880	SOCI	1002	B11	GRP	M	1235	1325	31
Winter	14881	SOCI	1002	B12	GRP	M	1235	1325	30
Winter	14882	SOCI	1002	B13	GRP	M	1235	1325	16
Winter	14883	SOCI	1002	B14	GRP	M	1235	1325	54
Winter	14884	SOCI	1002	B15	GRP	M	1235	1325	35
Winter	14885	SOCI	1002	B16	GRP	M	1235	1325	35
Winter	14886	SOCI	1002	C	LEC	F	1235	1425	236
Winter	14887	SOCI	1002	C01	GRP	F	1435	1525	42
Winter	14888	SOCI	1002	C02	GRP	F	1435	1525	42
Winter	14889	SOCI	1002	C03	GRP	F	1435	1525	39
Winter	14890	SOCI	1002	C04	GRP	F	1435	1525	39
Winter	14891	SOCI	1002	C05	GRP	F	1435	1525	30
Winter	14892	SOCI	1002	C06	GRP	F	1435	1525	30
Winter	14893	SOCI	1002	C07	GRP	F	1435	1525	42
Winter	14894	SOCI	1002	C08	GRP	F	1435	1525	35
Winter	14895	SOCI	1002	C09	GRP	F	1535	1625	27
Winter	14896	SOCI	1002	C10	GRP	F	1535	1625	27
Winter	14897	SOCI	1002	C11	GRP	F	1535	1625	27
Winter	14898	SOCI	1002	C12	GRP	F	1535	1625	28
Winter	14899	SOCI	1002	C13	GRP	F	1535	1625	28
Winter	14900	SOCI	1002	C14	GRP	F	1535	1625	32
Winter	14901	SOCI	1002	C15	GRP	F	1535	1625	32
Winter	14902	SOCI	1002	C16	GRP	F	1535	1625	35
Winter	14903	SOCI	1002	D	LEC	M	1805	1955	444
Winter	14904	SOCI	1002	D01	GRP	M	2005	2055	79
Winter	14905	SOCI	1002	D02	GRP	M	2005	2055	80
Winter	14906	SOCI	1002	D03	GRP	M	2005	2055	79
Winter	14907	SOCI	1002	D04	GRP	M	2005	2055	56
Winter	14908	SOCI	1002	D05	GRP	M	2005	2055	52
Winter	14909	SOCI	1002	D06	GRP	M	2005	2055	56
Winter	14910	SOCI	1002	D07	GRP	M	2005	2055	52
Winter	14911	SOCI	1002	D08	GRP	M	2005	2055	52
Fall	35218	SOCI	1005	A	LEC	F	835	1125	348
Winter	14912	SOCI	1005	B	LEC	T	1805	2055	9000
Fall	35314	SOWK	1001	A	LEC	M	1435	1725	133
Fall	35315	SOWK	1001	W	LEC	R	835	1125	9000
Winter	14992	SOWK	1002	A	LEC	R	1135	1425	133
Winter	14993	SOWK	1002	W	LEC	T	835	1125	9000
Fall	35374	SPAN	1010	A	SEM	TR	1135	1325	48
Fall	35375	SPAN	1010	B	SEM	MW	935	1125	27
Fall	35376	SPAN	1010	C	SEM	TR	1435	1625	39
Fall	35377	SPAN	1010	D	SEM	WF	1135	1325	39
Fall	35378	SPAN	1010	E	SEM	MW	1805	1955	27
Fall	35379	SPAN	1010	F	SEM	TR	935	1125	39
Fall	35380	SPAN	1010	G	SEM	WF	1435	1625	32
Fall	35381	SPAN	1010	H	SEM	TR	1805	1955	69
Winter	15048	SPAN	1010	I	SEM	TR	935	1125	42
Winter	15049	SPAN	1010	J	SEM	MW	1905	2055	39
Winter	15050	SPAN	1010	K	SEM	TR	1435	1625	36
Winter	15051	SPAN	1020	A	SEM	TR	1435	1625	32
Winter	15052	SPAN	1020	B	SEM	TR	1135	1325	36
Winter	15053	SPAN	1020	C	SEM	WF	1135	1325	39
Winter	15054	SPAN	1020	D	SEM				
Winter	15055	SPAN	1020	E	SEM	TR	1905	2055	39
Winter	15067	STAT	1500	A	LEC	WF	1305	1425	96
Winter	15068	STAT	1500	A1	LAB	F	1135	1225	25
Winter	15069	STAT	1500	A2	LAB	F	1035	1125	25
Winter	15070	STAT	1500	A3	LAB	F	935	1025	25
Winter	15071	STAT	1500	A4	LAB	F	835	925	25
