CRN	SUBJ	CRSE	SECT	TITLE	TYPE	DAYS	START_TIME	END_TIME	START_DATE	END_DATE	ROOM_CAP	ENR
15200	SYSC	2004	D	Object-Oriented Sofware Dvlpmt	LEC	TR	1435	1555	2025-01-06	2025-04-08	192	0
15201	SYSC	2004	E	Object-Oriented Sofware Dvlpmt	LEC	TR	1605	1725	2025-01-06	2025-04-08	192	0
15202	SYSC	2004	L1	Object-Oriented Sofware Dvlpmt	LAB	F	1605	1755	2025-01-06	2025-04-08	70	0
15203	SYSC	2004	L2	Object-Oriented Sofware Dvlpmt	LAB	F	1605	1755	2025-01-06	2025-04-08	30	0
15204	SYSC	2004	L3	Object-Oriented Sofware Dvlpmt	LAB	T	1135	1325	2025-01-06	2025-04-08	70	0
15205	SYSC	2004	L4	Object-Oriented Sofware Dvlpmt	LAB	T	1135	1325	2025-01-06	2025-04-08	30	0
15206	SYSC	2004	L5	Object-Oriented Sofware Dvlpmt	LAB	M	1635	1825	2025-01-06	2025-04-08	70	0
15207	SYSC	2004	L6	Object-Oriented Sofware Dvlpmt	LAB	M	1635	1825	2025-01-06	2025-04-08	30	0
15208	SYSC	2004	L7	Object-Oriented Sofware Dvlpmt	LAB	W	935	1125	2025-01-06	2025-04-08	70	0
15209	SYSC	2004	L8	Object-Oriented Sofware Dvlpmt	LAB	W	935	1125	2025-01-06	2025-04-08	30	0
35522	SYSC	2006	A	Foundations Imperative Program	LEC	TR	1605	1725	2024-09-04	2024-12-06	236	0
35523	SYSC	2006	B	Foundations Imperative Program	LEC	TR	1735	1855	2024-09-04	2024-12-06	236	0
15210	SYSC	2006	D	Foundations Imperative Program	LEC	TR	1005	1125	2025-01-06	2025-04-08	189	0
35524	SYSC	2006	L1	Foundations Imperative Program	LAB	F	835	1025	2024-09-04	2024-12-06	70	0
15211	SYSC	2006	L1	Foundations Imperative Program	LAB	M	1435	1625	2025-01-06	2025-04-08	70	0
35525	SYSC	2006	L10	Foundations Imperative Program	LAB	W	935	1125	2024-09-04	2024-12-06	55	0
35526	SYSC	2006	L2	Foundations Imperative Program	LAB	F	835	1025	2024-09-04	2024-12-06	70	0
15212	SYSC	2006	L2	Foundations Imperative Program	LAB	T	1235	1425	2025-01-06	2025-04-08	47	0
35527	SYSC	2006	L3	Foundations Imperative Program	LAB	M	1135	1325	2024-09-04	2024-12-06	70	0
15213	SYSC	2006	L3	Foundations Imperative Program	LAB	R	1235	1425	2025-01-06	2025-04-08	70	0
35528	SYSC	2006	L4	Foundations Imperative Program	LAB	M	1135	1325	2024-09-04	2024-12-06	70	0
15214	SYSC	2006	L4	Foundations Imperative Program	LAB	W	1435	1625	2025-01-06	2025-04-08	70	0
35529	SYSC	2006	L5	Foundations Imperative Program	LAB	W	1605	1755	2024-09-04	2024-12-06	70	0
35530	SYSC	2006	L6	Foundations Imperative Program	LAB	W	1605	1755	2024-09-04	2024-12-06	55	0
35531	SYSC	2006	L7	Foundations Imperative Program	LAB	M	835	1025	2024-09-04	2024-12-06	70	0
35532	SYSC	2006	L8	Foundations Imperative Program	LAB	M	1805	1955	2024-09-04	2024-12-06	70	0
35533	SYSC	2006	L9	Foundations Imperative Program	LAB	W	935	1125	2024-09-04	2024-12-06	70	0
15215	SYSC	2010	A	Programming Project	LEC	TR	1135	1255	2025-01-06	2025-04-08	52	0
15216	SYSC	2010	L1	Programming Project	LAB	M	835	1125	2025-01-06	2025-04-08	50	0
15217	SYSC	2100	A	Algorithms and Data Structures	LEC	WF	1135	1255	2025-01-06	2025-04-08	204	0
15218	SYSC	2100	B	Algorithms and Data Structures	LEC	TR	1305	1425	2025-01-06	2025-04-08	192	0
15219	SYSC	2100	L1	Algorithms and Data Structures	LAB	M	1135	1325	2025-01-06	2025-04-08	55	0
15220	SYSC	2100	L2	Algorithms and Data Structures	LAB	R	935	1125	2025-01-06	2025-04-08	55	0
15221	SYSC	2100	L3	Algorithms and Data Structures	LAB	M	935	1125	2025-01-06	2025-04-08	55	0
15222	SYSC	2100	L4	Algorithms and Data Structures	LAB	M	1435	1625	2025-01-06	2025-04-08	55	0
15223	SYSC	2100	L5	Algorithms and Data Structures	LAB	F	935	1125	2025-01-06	2025-04-08	55	0
35534	SYSC	2310	A	Intro to Digital Systems	LEC	MW	835	955	2024-09-04	2024-12-06	96	0
35535	SYSC	2310	B	Intro to Digital Systems	LEC	MW	1305	1425	2024-09-04	2024-12-06	393	0
15224	SYSC	2310	C	Intro to Digital Systems	LEC	TR	835	955	2025-01-06	2025-04-08	58	0
35536	SYSC	2310	L1E	Intro to Digital Systems	LAB	M	1435	1725	2024-09-16	2024-12-06	55	0
35537	SYSC	2310	L1O	Intro to Digital Systems	LAB	M	1435	1725	2024-09-09	2024-12-06	55	0
15225	SYSC	2310	L1O	Intro to Digital Systems	LAB	M	1135	1425	2025-01-06	2025-04-08	58	0
35538	SYSC	2310	L2E	Intro to Digital Systems	LAB	F	1435	1725	2024-09-16	2024-12-06	55	0
35539	SYSC	2310	L2O	Intro to Digital Systems	LAB	F	1435	1725	2024-09-09	2024-12-06	55	0
35540	SYSC	2310	L3E	Intro to Digital Systems	LAB	F	1135	1425	2024-09-16	2024-12-06	55	0
35541	SYSC	2310	L3O	Intro to Digital Systems	LAB	F	1135	1425	2024-09-09	2024-12-06	55	0
15226	SYSC	2320	A	Intro. Computer Org. and Arch.	LEC	TR	1605	1725	2025-01-06	2025-04-08	204	0
15227	SYSC	2320	B	Intro. Computer Org. and Arch.	LEC	TR	835	955	2025-01-06	2025-04-08	154	0
15228	SYSC	2320	L1	Intro. Computer Org. and Arch.	LAB	T	835	1125	2025-01-06	2025-04-08	58	0
15229	SYSC	2320	L2	Intro. Computer Org. and Arch.	LAB	W	1435	1725	2025-01-06	2025-04-08	55	0
15230	SYSC	2320	L3	Intro. Computer Org. and Arch.	LAB	R	1135	1425	2025-01-06	2025-04-08	55	0
15231	SYSC	2320	L4	Intro. Computer Org. and Arch.	LAB	M	835	1125	2025-01-06	2025-04-08	55	0
15232	SYSC	2320	L5	Intro. Computer Org. and Arch.	LAB	F	835	1125	2025-01-06	2025-04-08	50	0
15233	SYSC	2320	L6	Intro. Computer Org. and Arch.	LAB	M	835	1125	2025-01-06	2025-04-08	58	0
15234	SYSC	2510	A	Probability & Random Processes	LEC	WF	1305	1425	2025-01-06	2025-04-08	151	0
15235	SYSC	2510	L1O	Probability & Random Processes	LAB	T	1135	1425	2025-01-06	2025-04-08	55	0
15236	SYSC	2510	L2O	Probability & Random Processes	LAB	W	835	1125	2025-01-06	2025-04-08	55	0
15237	SYSC	2510	L3O	Probability & Random Processes	LAB	F	835	1125	2025-01-06	2025-04-08	55	0
35542	SYSC	3006	A	Computer Organization	LEC	TR	1005	1125	2024-09-04	2024-12-06	154	0
35543	SYSC	3006	L1	Computer Organization	LAB	W	1135	1325	2024-09-04	2024-12-06	40	0
35544	SYSC	3006	L2	Computer Organization	LAB	T	1235	1425	2024-09-04	2024-12-06	58	0
35545	SYSC	3006	L3	Computer Organization	LAB	M	1535	1725	2024-09-04	2024-12-06	40	0
35546	SYSC	3006	L4	Computer Organization	LAB	F	1435	1625	2024-09-04	2024-12-06	40	0
35547	SYSC	3006	L5	Computer Organization	LAB	T	1535	1725	2024-09-04	2024-12-06	58	0
35548	SYSC	3006	L6	Computer Organization	LAB	W	835	1025	2024-09-04	2024-12-06	40	0
35549	SYSC	3006	L7	Computer Organization	LAB	R	1535	1725	2024-09-04	2024-12-06	58	0
35550	SYSC	3006	L8	Computer Organization	LAB	R	1135	1325	2024-09-04	2024-12-06	58	0
15238	SYSC	3010	A	Comp Syst Development Project	LEC	M	935	1125	2025-01-06	2025-04-08	151	0
15239	SYSC	3010	L1	Comp Syst Development Project	LAB	F	835	1125	2025-01-06	2025-04-08	58	0
15240	SYSC	3010	L2	Comp Syst Development Project	LAB	F	1135	1425	2025-01-06	2025-04-08	58	0
15241	SYSC	3010	L3	Comp Syst Development Project	LAB	W	1435	1725	2025-01-06	2025-04-08	58	0
35551	SYSC	3020	A	Intro to Software Engineering	LEC	TR	1435	1555	2024-09-04	2024-12-06	134	0
35552	SYSC	3020	L1E	Intro to Software Engineering	LAB	M	1135	1425	2024-09-16	2024-12-06	55	0
35553	SYSC	3020	L2E	Intro to Software Engineering	LAB	F	1135	1425	2024-09-16	2024-12-06	30	0
35554	SYSC	3020	L3E	Intro to Software Engineering	LAB	M	835	1125	2024-09-16	2024-12-06	55	0
35555	SYSC	3020	L4E	Intro to Software Engineering	LAB	F	835	1125	2024-09-16	2024-12-06	55	0
15242	SYSC	3101	A	Programming Languages	LEC	MW	1305	1425	2025-01-06	2025-04-08	236	0
15243	SYSC	3101	L1O	Programming Languages	LAB	R	1435	1725	2025-01-06	2025-04-08	55	0
15244	SYSC	3101	L2O	Programming Languages	LAB	T	1435	1725	2025-01-06	2025-04-08	55	0
15245	SYSC	3101	L3O	Programming Languages	LAB	F	1135	1425	2025-01-06	2025-04-08	55	0
15246	SYSC	3101	L4O	Programming Languages	LAB	W	1435	1725	2025-01-06	2025-04-08	55	0
35556	SYSC	3110	A	Software Development Project	LEC	TR	1135	1255	2024-09-04	2024-12-06	204	0
35557	SYSC	3110	L1	Software Development Project	LAB	M	1135	1425	2024-09-04	2024-12-06	55	0
35558	SYSC	3110	L2	Software Development Project	LAB	T	1435	1725	2024-09-04	2024-12-06	55	0
35559	SYSC	3110	L3	Software Development Project	LAB	T	1805	2055	2024-09-04	2024-12-06	55	0
35560	SYSC	3110	L4	Software Development Project	LAB	F	1435	1725	2024-09-04	2024-12-06	55	0
35561	SYSC	3110	L5	Software Development Project	LAB	R	1435	1725	2024-09-04	2024-12-06	30	0
35562	SYSC	3120	A	Software Requirement Engineeri	LEC	MW	1005	1125	2024-09-04	2024-12-06	204	0
35563	SYSC	3120	L1E	Software Requirement Engineeri	LAB	W	1435	1725	2024-09-16	2024-12-06	55	0
35564	SYSC	3120	L2E	Software Requirement Engineeri	LAB	R	1435	1725	2024-09-16	2024-12-06	55	0
35565	SYSC	3120	L3E	Software Requirement Engineeri	LAB	F	1135	1425	2024-09-16	2024-12-06	55	0
35566	SYSC	3120	L4E	Software Requirement Engineeri	LAB	T	1135	1425	2024-09-16	2024-12-06	55	0
15247	SYSC	3200	A	Industrial Engineering	LEC	WF	1135	1255	2025-01-06	2025-04-08	96	0
15248	SYSC	3200	L1	Industrial Engineering	LAB	F	1435	1555	2025-01-06	2025-04-08	154	0
35567	SYSC	3203	A	Bioelectrical Systems	LEC	MW	1305	1425	2024-09-04	2024-12-06	58	0
35568	SYSC	3203	L1	Bioelectrical Systems	LAB	R	1435	1725	2024-09-04	2024-12-06	36	0
35569	SYSC	3203	L2	Bioelectrical Systems	LAB	F	1135	1425	2024-09-04	2024-12-06	36	0
15249	SYSC	3303	A	Real-Time Concurrent Systems	LEC	WF	1135	1255	2025-01-06	2025-04-08	444	0
15250	SYSC	3303	A1	Real-Time Concurrent Systems	LAB	F	1335	1525	2025-01-06	2025-04-08	55	0
15251	SYSC	3303	A2	Real-Time Concurrent Systems	LAB	T	1605	1755	2025-01-06	2025-04-08	55	0
15252	SYSC	3303	A3	Real-Time Concurrent Systems	LAB	M	1435	1625	2025-01-06	2025-04-08	55	0
15253	SYSC	3303	A4	Real-Time Concurrent Systems	LAB	F	1535	1725	2025-01-06	2025-04-08	55	0
15254	SYSC	3303	B	Real-Time Concurrent Systems	LEC	MW	1635	1755	2025-01-06	2025-04-08	148	0
15255	SYSC	3303	B1	Real-Time Concurrent Systems	LAB	T	1605	1755	2025-01-06	2025-04-08	58	0
15256	SYSC	3303	B2	Real-Time Concurrent Systems	LAB	W	1135	1325	2025-01-06	2025-04-08	58	0
15257	SYSC	3303	B3	Real-Time Concurrent Systems	LAB	R	1605	1755	2025-01-06	2025-04-08	58	0
35570	SYSC	3310	A	Intro to Real-Time Systems	LEC	MW	1805	1925	2024-09-04	2024-12-06	348	0
35571	SYSC	3310	A1	Intro to Real-Time Systems	LAB	M	1335	1525	2024-09-04	2024-12-06	58	0
35572	SYSC	3310	A2	Intro to Real-Time Systems	LAB	F	1435	1625	2024-09-04	2024-12-06	58	0
35573	SYSC	3310	A3	Intro to Real-Time Systems	LAB	F	1635	1825	2024-09-04	2024-12-06	58	0
35574	SYSC	3310	B	Intro to Real-Time Systems	LEC	TR	1005	1125	2024-09-04	2024-12-06	102	0
35575	SYSC	3310	B1	Intro to Real-Time Systems	LAB	M	1535	1725	2024-09-04	2024-12-06	58	0
35576	SYSC	3310	B2	Intro to Real-Time Systems	LAB	M	1135	1325	2024-09-04	2024-12-06	58	0
35577	SYSC	3310	B3	Intro to Real-Time Systems	LAB	W	1135	1325	2024-09-04	2024-12-06	58	0
15258	SYSC	3320	A	Computer Systems Design	LEC	TR	1005	1125	2025-01-06	2025-04-08	108	0
15259	SYSC	3320	L1E	Computer Systems Design	LAB	W	835	1125	2025-01-13	2025-04-08	58	0
15260	SYSC	3320	L2E	Computer Systems Design	LAB	M	1135	1425	2025-01-13	2025-04-08	58	0
35578	SYSC	3500	A	Signals and Systems	LEC	MW	1005	1125	2024-09-04	2024-12-06	48	0
35579	SYSC	3500	L1E	Signals and Systems	PAN	M	1435	1725	2024-09-16	2024-12-06	36	0
15261	SYSC	3501	A	Communication Theory	LEC	TR	1605	1725	2025-01-06	2025-04-08	115	0
15262	SYSC	3501	B	Communication Theory	LEC	TR	835	955	2025-01-06	2025-04-08	108	0
15263	SYSC	3501	L1O	Communication Theory	LAB	F	1435	1725	2025-01-06	2025-04-08	58	0
15264	SYSC	3501	L2O	Communication Theory	LAB	M	1435	1725	2025-01-06	2025-04-08	58	0
15265	SYSC	3501	L3O	Communication Theory	LAB	W	835	1125	2025-01-06	2025-04-08	58	0
15266	SYSC	3501	L4O	Communication Theory	LAB	R	1135	1425	2025-01-06	2025-04-08	58	0
15267	SYSC	3501	L5O	Communication Theory	LAB	T	1135	1425	2025-01-06	2025-04-08	58	0
15268	SYSC	3503	A	Communication Theory II	LEC	MW	1605	1725	2025-01-06	2025-04-08	98	0
15269	SYSC	3503	L1E	Communication Theory II	LAB	F	1435	1725	2025-01-13	2025-04-08	24	0
35580	SYSC	3600	A	Systems and Simulation	LEC	WF	1435	1555	2024-09-04	2024-12-06	204	0
35581	SYSC	3600	B	Systems and Simulation	LEC	MW	1605	1725	2024-09-04	2024-12-06	154	0
35582	SYSC	3600	C	Systems and Simulation	LEC	TR	1605	1725	2024-09-04	2024-12-06	204	0
15270	SYSC	3600	E	Systems and Simulation	LEC	TR	1005	1125	2025-01-06	2025-04-08	133	0
35583	SYSC	3600	L1	Systems and Simulation	LAB	M	835	1125	2024-09-04	2024-12-06	47	0
15271	SYSC	3600	L1	Systems and Simulation	LAB	F	835	1125	2025-01-06	2025-04-08	47	0
35584	SYSC	3600	L10	Systems and Simulation	LAB	F	835	1125	2024-09-04	2024-12-06	47	0
35585	SYSC	3600	L11	Systems and Simulation	LAB	F	1135	1425	2024-09-04	2024-12-06	47	0
35586	SYSC	3600	L12	Systems and Simulation	LAB	T	835	1125	2024-09-04	2024-12-06	47	0
35587	SYSC	3600	L2	Systems and Simulation	LAB	T	1435	1725	2024-09-04	2024-12-06	47	0
15272	SYSC	3600	L2	Systems and Simulation	LAB	W	1135	1425	2025-01-06	2025-04-08	47	0
35588	SYSC	3600	L3	Systems and Simulation	LAB	R	1135	1425	2024-09-04	2024-12-06	47	0
15273	SYSC	3600	L3	Systems and Simulation	LAB	M	1135	1425	2025-01-06	2025-04-08	47	0
35589	SYSC	3600	L4	Systems and Simulation	LAB	W	1135	1425	2024-09-04	2024-12-06	47	0
35590	SYSC	3600	L5	Systems and Simulation	LAB	R	835	1125	2024-09-04	2024-12-06	47	0
35591	SYSC	3600	L6	Systems and Simulation	LAB	M	1135	1425	2024-09-04	2024-12-06	47	0
35592	SYSC	3600	L7	Systems and Simulation	LAB	W	835	1125	2024-09-04	2024-12-06	47	0
35593	SYSC	3600	L8	Systems and Simulation	LAB	T	1135	1425	2024-09-04	2024-12-06	47	0
35594	SYSC	3600	L9	Systems and Simulation	LAB	M	1435	1725	2024-09-04	2024-12-06	47	0
35595	SYSC	3610	A	Biomedical Systems, Modl&Cntrl	LEC	MW	835	955	2024-09-04	2024-12-06	66	0
35596	SYSC	3610	L1	Biomedical Systems, Modl&Cntrl	LAB	F	1435	1725	2024-09-04	2024-12-06	47	0
35597	SYSC	3610	L2	Biomedical Systems, Modl&Cntrl	LAB	R	1435	1725	2024-09-04	2024-12-06	47	0
35599	SYSC	4001	A	Operating Systems	LEC	TR	1305	1425	2024-09-04	2024-12-06	331	0
35600	SYSC	4001	L1	Operating Systems	LAB	W	1135	1425	2024-09-04	2024-12-06	55	0
35601	SYSC	4001	L2	Operating Systems	LAB	T	1435	1725	2024-09-04	2024-12-06	55	0
35602	SYSC	4001	L3	Operating Systems	LAB	F	835	1125	2024-09-04	2024-12-06	55	0
35603	SYSC	4001	L4	Operating Systems	LAB	M	835	1125	2024-09-04	2024-12-06	55	0
35604	SYSC	4001	L5	Operating Systems	LAB	R	1435	1725	2024-09-04	2024-12-06	55	0
35605	SYSC	4001	L6	Operating Systems	LAB	M	1435	1725	2024-09-04	2024-12-06	55	0
15275	SYSC	4005	A	Discrete Simulation/Modelling	LEC	WF	1605	1725	2025-01-06	2025-04-08	133	0
15276	SYSC	4005	L1	Discrete Simulation/Modelling	LAB	M	1135	1225	2025-01-06	2025-04-08	24	0
15277	SYSC	4005	L2	Discrete Simulation/Modelling	LAB	M	935	1025	2025-01-06	2025-04-08	24	0
15278	SYSC	4005	L3	Discrete Simulation/Modelling	LAB	M	1035	1125	2025-01-06	2025-04-08	24	0
15279	SYSC	4005	L4	Discrete Simulation/Modelling	LAB	M	1635	1725	2025-01-06	2025-04-08	24	0
35606	SYSC	4101	A	Software Validation	LEC	TR	1135	1255	2024-09-04	2024-12-06	189	0
35607	SYSC	4101	L1	Software Validation	LAB	W	1135	1425	2024-09-04	2024-12-06	90	0
35608	SYSC	4101	L2	Software Validation	LAB	W	1135	1425	2024-09-04	2024-12-06	55	0
15280	SYSC	4102	A	Performance Engineering	LEC	TR	1005	1125	2025-01-06	2025-04-08	66	0
15281	SYSC	4102	L1E	Performance Engineering	LAB	F	1135	1425	2025-01-13	2025-04-08	55	0
15282	SYSC	4106	A	Software Econ. & Project Mgmt.	LEC	TR	1135	1255	2025-01-06	2025-04-08	236	0
15283	SYSC	4111	A	Formal Methods	LEC	TR	1135	1255	2025-01-06	2025-04-08	51	0
15284	SYSC	4120	A	Software Architecture & Design	LEC	TR	1005	1125	2025-01-06	2025-04-08	192	0
15285	SYSC	4120	L1O	Software Architecture & Design	LAB	W	1435	1725	2025-01-06	2025-04-08	50	0
15286	SYSC	4120	L2E	Software Architecture & Design	LAB	T	1435	1725	2025-01-13	2025-04-08	50	0
15287	SYSC	4120	L2O	Software Architecture & Design	LAB	T	1435	1725	2025-01-06	2025-04-08	50	0
15288	SYSC	4120	L3E	Software Architecture & Design	LAB	R	1435	1725	2025-01-13	2025-04-08	50	0
15289	SYSC	4120	L3O	Software Architecture & Design	LAB	R	1435	1725	2025-01-06	2025-04-08	55	0
15290	SYSC	4130	A	Human Computer Interaction¿	LEC	WF	1435	1555	2025-01-06	2025-04-08	54	0
15291	SYSC	4130	L1	Human Computer Interaction¿	PAN	R	1135	1425	2025-01-06	2025-04-08	50	0
15292	SYSC	4201	A	Ethic Rsrch Method Biom Engin	LEC	MW	1135	1255	2025-01-06	2025-04-08	66	0
15293	SYSC	4201	L1	Ethic Rsrch Method Biom Engin	LAB	F	1605	1725	2025-01-06	2025-04-08	120	0
15294	SYSC	4202	A	Clinical Engineering	LEC	T	1805	2055	2025-01-06	2025-04-08	66	0
15295	SYSC	4202	L1O	Clinical Engineering	LAB	T	1435	1725	2025-01-06	2025-04-08	54	0
35609	SYSC	4203	A	Bioinstrumentation and Signals	LEC	MW	1435	1555	2024-09-04	2024-12-06	51	0
35610	SYSC	4203	L1	Bioinstrumentation and Signals	LAB	F	835	1125	2024-09-04	2024-12-06	36	0
35611	SYSC	4203	L2	Bioinstrumentation and Signals	LAB	F	1435	1725	2024-09-04	2024-12-06	36	0
15296	SYSC	4205	A	Image Process & Medical Applic	LEC	TR	835	955	2025-01-06	2025-04-08	76	0
15297	SYSC	4205	L1	Image Process & Medical Applic	LAB	R	1135	1425	2025-01-06	2025-04-08	36	0
15298	SYSC	4205	L2	Image Process & Medical Applic	LAB	W	835	1125	2025-01-06	2025-04-08	36	0
15299	SYSC	4206	A	Surgical Robotics	LEC	TR	1005	1125	2025-01-06	2025-04-08	35	0
15300	SYSC	4206	L1	Surgical Robotics	LAB	W	1135	1425	2025-01-06	2025-04-08	50	0
15301	SYSC	4206	L2	Surgical Robotics	LAB	F	1135	1425	2025-01-06	2025-04-08	50	0
35612	SYSC	4310	A	Computer Systems Architecture	LEC	TR	1005	1125	2024-09-04	2024-12-06	96	0
35613	SYSC	4310	L1O	Computer Systems Architecture	LAB	F	835	1125	2024-09-09	2024-12-06	58	0
35614	SYSC	4310	L2O	Computer Systems Architecture	LAB	W	1435	1725	2024-09-09	2024-12-06	58	0
35615	SYSC	4405	A	Digital Signal Processing	LEC	TR	1135	1255	2024-09-04	2024-12-06	78	0
35616	SYSC	4405	L1E	Digital Signal Processing	LAB	W	835	1125	2024-09-16	2024-12-06	58	0
35617	SYSC	4405	L2E	Digital Signal Processing	LAB	F	1135	1425	2024-09-04	2024-12-06	58	0
35618	SYSC	4405	L3O	Digital Signal Processing	LAB	W	835	1125	2024-09-09	2024-12-06	58	0
35619	SYSC	4405	L4O	Digital Signal Processing	LAB	F	1135	1425	2024-09-09	2024-12-06	58	0
15302	SYSC	4415	A	Intro to Machine Learning	LEC	MW	1605	1725	2025-01-06	2025-04-08	108	0
15303	SYSC	4415	L2	Intro to Machine Learning	PAN	R	1435	1525	2025-01-06	2025-04-08	108	0
15304	SYSC	4502	A	Communications Software	LEC	MW	1435	1555	2025-01-06	2025-04-08	9000	0
15305	SYSC	4502	L1O	Communications Software	PAN	F	1135	1425	2025-01-06	2025-04-08	36	0
15306	SYSC	4502	L2O	Communications Software	PAN	M	835	1125	2025-01-06	2025-04-08	36	0
15307	SYSC	4502	L3O	Communications Software	PAN	F	1435	1725	2025-01-06	2025-04-08	36	0
15308	SYSC	4504	A	Web Development	LEC	TR	1435	1555	2025-01-06	2025-04-08	148	0
15309	SYSC	4504	L1E	Web Development	LAB	F	835	1125	2025-01-13	2025-04-08	55	0
15310	SYSC	4504	L2E	Web Development	LAB	W	835	1125	2025-01-13	2025-04-08	55	0
15311	SYSC	4504	L3E	Web Development	LAB	M	1135	1425	2025-01-13	2025-04-08	55	0
35620	SYSC	4505	A	Automatic Control Systems I	LEC	TR	1435	1555	2024-09-04	2024-12-06	79	0
15312	SYSC	4505	B	Automatic Control Systems I	LEC	MW	1305	1425	2025-01-06	2025-04-08	42	0
35621	SYSC	4505	L1E	Automatic Control Systems I	LAB	W	835	1125	2024-09-16	2024-12-06	36	0
15313	SYSC	4505	L1E	Automatic Control Systems I	LAB	T	835	1125	2025-01-13	2025-04-08	36	0
35622	SYSC	4505	L1O	Automatic Control Systems I	LAB	W	835	1125	2024-09-09	2024-12-06	36	0
35623	SYSC	4505	L2E	Automatic Control Systems I	LAB	M	835	1125	2024-09-16	2024-12-06	36	0
15314	SYSC	4505	L2E	Automatic Control Systems I	LAB	R	1435	1725	2025-01-13	2025-04-08	36	0
35624	SYSC	4505	L2O	Automatic Control Systems I	LAB	M	835	1125	2024-09-09	2024-12-06	36	0
15315	SYSC	4600	A	Digital Communications	LEC	MW	1605	1725	2025-01-06	2025-04-08	98	0
15316	SYSC	4600	L1E	Digital Communications	LAB	W	1135	1425	2025-01-13	2025-04-08	24	0
35625	SYSC	4602	A	Computer Communications	LEC	TR	1605	1725	2024-09-04	2024-12-06	192	0
35626	SYSC	4602	L1O	Computer Communications	LAB	W	1435	1725	2024-09-09	2024-12-06	55	0
35627	SYSC	4602	L2O	Computer Communications	LAB	T	1135	1425	2024-09-09	2024-12-06	55	0
35628	SYSC	4602	L3O	Computer Communications	LAB	F	1135	1425	2024-09-09	2024-12-06	55	0
35629	SYSC	4602	L4O	Computer Communications	LAB	R	1135	1425	2024-09-09	2024-12-06	55	0
35630	SYSC	4604	A	Digital Communication Theory	LEC	TR	1305	1425	2024-09-04	2024-12-06	51	0
35631	SYSC	4604	L1E	Digital Communication Theory	LAB	F	835	1125	2024-09-16	2024-12-06	24	0
15317	SYSC	4607	A	Wireless Communications	LEC	TR	1005	1125	2025-01-06	2025-04-08	52	0
15318	SYSC	4607	L1O	Wireless Communications	LAB	W	1135	1425	2025-01-06	2025-04-08	24	0
15319	SYSC	4700	A	Topics in Comm. Networks	LEC	TR	1605	1725	2025-01-06	2025-04-08	66	0
15320	SYSC	4700	L1O	Topics in Comm. Networks	LAB	W	1805	2055	2025-01-06	2025-04-08	90	0
35632	SYSC	4701	A	Communications Systems Lab	LEC	M	935	1125	2024-09-04	2024-12-06	42	0
35633	SYSC	4701	L1	Communications Systems Lab	LAB	W	1335	1725	2024-09-04	2024-12-06	30	0
35634	SYSC	4805	A	Computer Systems Design Lab	LEC	W	835	1025	2024-09-04	2024-12-06	98	0
35635	SYSC	4805	L1	Computer Systems Design Lab	LAB	M	1335	1725	2024-09-04	2024-12-06	50	0
35636	SYSC	4805	L2	Computer Systems Design Lab	LAB	R	1135	1525	2024-09-04	2024-12-06	50	0
35637	SYSC	4805	L3	Computer Systems Design Lab	LAB	F	1335	1725	2024-09-04	2024-12-06	50	0
35638	SYSC	4806	A	Software Engineering Lab	LEC	T	1735	1925	2024-09-04	2024-12-06	151	0
35639	SYSC	4806	L1	Software Engineering Lab	LAB	M	1135	1525	2024-09-04	2024-12-06	90	0
35640	SYSC	4806	L2	Software Engineering Lab	LAB	M	1135	1525	2024-09-04	2024-12-06	30	0
35641	SYSC	4810	A	Network and Software Security	LEC	MW	1005	1125	2024-09-04	2024-12-06	134	0
35642	SYSC	4810	A1	Network and Software Security	PAN	T	1435	1555	2024-09-04	2024-12-06	52	0
35643	SYSC	4810	A2	Network and Software Security	PAN	R	1005	1125	2024-09-04	2024-12-06	51	0
35644	SYSC	4810	A3	Network and Software Security	PAN	F	1135	1255	2024-09-04	2024-12-06	52	0
35645	SYSC	4810	B	Network and Software Security	LEC	MW	1135	1255	2024-09-04	2024-12-06	120	0
35646	SYSC	4810	B1	Network and Software Security	PAN	W	1435	1555	2024-09-04	2024-12-06	102	0
35647	SYSC	4810	B2	Network and Software Security	PAN	T	1435	1555	2024-09-04	2024-12-06	54	0
35648	SYSC	4810	B3	Network and Software Security	PAN	R	835	955	2024-09-04	2024-12-06	54	0
15323	SYSC	4906	C	Special Topics	LEC	TR	1735	1855	2025-01-06	2025-04-08	90	0
15324	SYSC	4906	D	Special Topics	LEC	MW	1605	1725	2025-01-06	2025-04-08	35	0
15325	SYSC	4906	D1	Special Topics	LAB	M	1435	1555	2025-01-06	2025-04-08	52	0
15585	SYSC	4906	F	Special Topics	LEC	TR	1005	1125	2025-01-06	2025-04-08	40	0
15675	SYSC	4906	G	Special Topics	LEC	M	1805	2055	2025-01-06	2025-04-08	66	0
